"Name","Label_Confidence","count","Creator"
"Advertisement",81.1029210090637,8,"A1Startup"
"Alphabet",70.6754150390625,1,"A1Startup"
"Apparel",74.5900586446126,3,"A1Startup"
"Apse",55.3934440612793,1,"A1Startup"
"Architecture",96.2009334564209,4,"A1Startup"
"Art",61.4909019470215,1,"A1Startup"
"Astronomy",89.7088088989258,1,"A1Startup"
"Attorney",71.8413009643555,1,"A1Startup"
"Audience",83.8441818237305,5,"A1Startup"
"Blackboard",77.3416690826416,2,"A1Startup"
"Blazer",84.9324142456055,10,"A1Startup"
"Blonde",75.6296997070312,1,"A1Startup"
"Book",90.7546463012695,2,"A1Startup"
"Box",99.4892349243164,2,"A1Startup"
"Brochure",93.0129585266113,2,"A1Startup"
"Building",97.6572545369466,6,"A1Startup"
"Cafe",72.3322105407715,4,"A1Startup"
"Cafeteria",79.0123672485352,4,"A1Startup"
"Car",99.275505065918,1,"A1Startup"
"Cardboard",97.215202331543,2,"A1Startup"
"Carton",97.215202331543,2,"A1Startup"
"Cell Phone",99.9739201863607,3,"A1Startup"
"Chair",89.3276138305664,5,"A1Startup"
"City",90.5212020874023,3,"A1Startup"
"Classroom",92.1649017333984,1,"A1Startup"
"Clinic",62.9599876403809,1,"A1Startup"
"Clothing",93.3829052087032,33,"A1Startup"
"Coat",90.0009736281175,13,"A1Startup"
"Coffee Cup",94.6304931640625,2,"A1Startup"
"Comics",87.8064117431641,1,"A1Startup"
"Computer",96.0737457275391,2,"A1Startup"
"Computer Keyboard",93.983757019043,1,"A1Startup"
"Condo",80.9647445678711,1,"A1Startup"
"Couch",78.0887794494629,2,"A1Startup"
"Credit Card",76.1038970947266,1,"A1Startup"
"Crowd",90.2328229631696,14,"A1Startup"
"Cup",94.6304931640625,2,"A1Startup"
"Desk",79.9853439331055,1,"A1Startup"
"Display",67.4593124389648,1,"A1Startup"
"Document",91.8068542480469,1,"A1Startup"
"Door",61.2695159912109,1,"A1Startup"
"Downtown",93.7320327758789,2,"A1Startup"
"Electrical Device",93.828727722168,1,"A1Startup"
"Electronic Chip",56.6872711181641,1,"A1Startup"
"Electronics",81.6663280833851,11,"A1Startup"
"Executive",79.816904703776,3,"A1Startup"
"Face",63.5208530426025,4,"A1Startup"
"Female",75.8393840789795,4,"A1Startup"
"First Aid",98.5412826538086,1,"A1Startup"
"Flag",69.359992980957,1,"A1Startup"
"Floor",66.910831451416,2,"A1Startup"
"Flooring",89.9409980773926,2,"A1Startup"
"Flyer",85.8556213378906,6,"A1Startup"
"Food",60.1664047241211,1,"A1Startup"
"Food Court",67.0383529663086,1,"A1Startup"
"Footwear",95.2661056518555,2,"A1Startup"
"Furniture",86.0119235698993,13,"A1Startup"
"Game",66.6399841308594,1,"A1Startup"
"Gas Pump",98.1799240112305,1,"A1Startup"
"Gas Station",81.3120269775391,1,"A1Startup"
"Glass",64.1005325317383,1,"A1Startup"
"GPS",78.4228191375732,2,"A1Startup"
"Grass",99.8174514770508,1,"A1Startup"
"Hair",92.6011734008789,1,"A1Startup"
"Hardware",77.2790489196777,2,"A1Startup"
"Head",71.7853088378906,2,"A1Startup"
"High Rise",99.1493263244629,2,"A1Startup"
"Home Decor",84.3989283243815,3,"A1Startup"
"House",78.7857284545898,1,"A1Startup"
"Housing",92.2034047444661,3,"A1Startup"
"Huddle",56.2598190307617,1,"A1Startup"
"Human",98.3052337646484,5,"A1Startup"
"Id Cards",91.8068542480469,1,"A1Startup"
"Indoors",89.5294570922852,9,"A1Startup"
"Interior Design",87.8777656555176,4,"A1Startup"
"Iphone",56.3602066040039,1,"A1Startup"
"Jacket",87.3927699497768,7,"A1Startup"
"Jeans",99.0744953155518,4,"A1Startup"
"Kitchen Island",73.7065887451172,1,"A1Startup"
"Label",92.7806777954102,2,"A1Startup"
"Laptop",77.430850982666,2,"A1Startup"
"Lawn",89.5369644165039,1,"A1Startup"
"LCD Screen",88.1005935668945,1,"A1Startup"
"Lecture",74.9377670288086,2,"A1Startup"
"Lighting",92.8616638183594,2,"A1Startup"
"Living Room",86.4661483764648,1,"A1Startup"
"Lobby",70.7335186004639,2,"A1Startup"
"Logo",75.2528025309245,3,"A1Startup"
"Long Sleeve",83.147223578559,9,"A1Startup"
"Machine",98.4479370117188,1,"A1Startup"
"Man",67.5141563415527,2,"A1Startup"
"Manga",59.9039688110352,1,"A1Startup"
"Metropolis",94.9917144775391,2,"A1Startup"
"Microphone",87.3231506347656,1,"A1Startup"
"Mobile Phone",99.9739201863607,3,"A1Startup"
"Monitor",82.8831520080566,2,"A1Startup"
"Neighborhood",87.1515502929688,2,"A1Startup"
"Office",86.1183090209961,2,"A1Startup"
"Office Building",73.4657592773438,1,"A1Startup"
"Outdoors",69.8547286987305,2,"A1Startup"
"Outer Space",87.1795883178711,1,"A1Startup"
"Overcoat",80.2366157531738,5,"A1Startup"
"Package Delivery",97.215202331543,2,"A1Startup"
"Page",56.7286853790283,2,"A1Startup"
"Pants",85.7673863728841,15,"A1Startup"
"Paper",80.8616471290588,8,"A1Startup"
"People",73.634036724384,13,"A1Startup"
"Person",98.5911902533637,45,"A1Startup"
"Petrol",59.027156829834,1,"A1Startup"
"Phone",99.9739201863607,3,"A1Startup"
"Photo Booth",56.3836097717285,1,"A1Startup"
"Plant",84.3305206298828,2,"A1Startup"
"Plywood",87.8314361572266,1,"A1Startup"
"Poster",82.8778305053711,7,"A1Startup"
"Pottery",91.2027816772461,2,"A1Startup"
"Press Conference",69.7374057769775,2,"A1Startup"
"Pump",98.1799240112305,1,"A1Startup"
"Reception",88.4051933288574,2,"A1Startup"
"Restaurant",95.1693206787109,5,"A1Startup"
"Room",83.9051404680525,7,"A1Startup"
"Saucer",91.2027816772461,2,"A1Startup"
"Scoreboard",80.2214889526367,1,"A1Startup"
"Screen",83.971684773763,3,"A1Startup"
"Server",97.8708267211914,1,"A1Startup"
"Shirt",96.2733840942383,1,"A1Startup"
"Shoe",96.0692379291241,13,"A1Startup"
"Sitting",85.6807793837327,13,"A1Startup"
"Skateboard",78.5924453735352,1,"A1Startup"
"Skylight",79.6084136962891,1,"A1Startup"
"Skyscraper",75.9235534667969,1,"A1Startup"
"Sleeve",87.1429646809896,9,"A1Startup"
"Space",87.1795883178711,1,"A1Startup"
"Space Station",90.8554458618164,1,"A1Startup"
"Speech",75.7246017456055,2,"A1Startup"
"Sphere",76.7892074584961,1,"A1Startup"
"Spire",99.4976501464844,1,"A1Startup"
"Sport",78.5924453735352,1,"A1Startup"
"Sticker",57.7717895507812,1,"A1Startup"
"Suit",89.0652408599854,22,"A1Startup"
"Sweater",83.1152687072754,2,"A1Startup"
"Sweatshirt",96.8778762817383,1,"A1Startup"
"Symbol",75.9456253051758,3,"A1Startup"
"Table",75.7414943150112,7,"A1Startup"
"Tabletop",72.7956466674805,1,"A1Startup"
"Tarmac",86.5578231811523,1,"A1Startup"
"Teacher",99.7879257202148,1,"A1Startup"
"Team",55.6815490722656,1,"A1Startup"
"Text",79.4453996022542,18,"A1Startup"
"Tie",98.2633819580078,2,"A1Startup"
"Tire",85.004264831543,1,"A1Startup"
"Tower",99.4976501464844,1,"A1Startup"
"Trademark",75.2528025309245,3,"A1Startup"
"Train",88.8805694580078,1,"A1Startup"
"Transportation",90.0904134114583,3,"A1Startup"
"Tripod",94.8240585327148,2,"A1Startup"
"Universe",87.1795883178711,1,"A1Startup"
"Urban",84.7860517501831,4,"A1Startup"
"Vehicle",90.0904134114583,3,"A1Startup"
"Villa",78.7857284545898,1,"A1Startup"
"Waiting Room",97.6558303833008,1,"A1Startup"
"Wheel",98.7511978149414,1,"A1Startup"
"White Board",70.7329940795898,1,"A1Startup"
"Window",94.0234375,1,"A1Startup"
"Woman",72.3417739868164,2,"A1Startup"
"Wood",77.4578056335449,2,"A1Startup"
"Word",69.5774332682292,3,"A1Startup"
"Accessories",97.5411720275879,2,"AgroInnovationLab"
"Advertisement",86.4577200753348,7,"AgroInnovationLab"
"Agriculture",93.5799407958984,2,"AgroInnovationLab"
"Alphabet",70.2568740844727,10,"AgroInnovationLab"
"Animal",65.4914367675781,5,"AgroInnovationLab"
"Antenna",64.7198028564453,1,"AgroInnovationLab"
"Apparel",60.8623352050781,1,"AgroInnovationLab"
"Art",65.9604415893555,2,"AgroInnovationLab"
"Audience",88.6331443786621,2,"AgroInnovationLab"
"Backyard",93.4422378540039,2,"AgroInnovationLab"
"Bar Counter",64.5015335083008,1,"AgroInnovationLab"
"Bazaar",57.5741767883301,1,"AgroInnovationLab"
"Beard",88.6015548706055,1,"AgroInnovationLab"
"Beverage",60.5616569519043,1,"AgroInnovationLab"
"Bird",68.5494130452474,3,"AgroInnovationLab"
"Blazer",86.0836277008057,8,"AgroInnovationLab"
"Blonde",85.2956619262695,2,"AgroInnovationLab"
"Blossom",60.1280212402344,2,"AgroInnovationLab"
"Brochure",79.9783744812012,4,"AgroInnovationLab"
"Building",84.346794128418,3,"AgroInnovationLab"
"Bush",98.7267990112305,2,"AgroInnovationLab"
"Business Card",78.5852940877279,3,"AgroInnovationLab"
"Chair",63.6117744445801,2,"AgroInnovationLab"
"Clothing",90.6175484657288,16,"AgroInnovationLab"
"Coat",92.9280166625977,5,"AgroInnovationLab"
"Collage",94.5249938964844,1,"AgroInnovationLab"
"Computer",99.0433044433594,1,"AgroInnovationLab"
"Computer Hardware",99.0433044433594,1,"AgroInnovationLab"
"Countryside",90.4280605316162,4,"AgroInnovationLab"
"Cpu",93.9173965454102,1,"AgroInnovationLab"
"Crowd",88.7706015450614,7,"AgroInnovationLab"
"Electrical Device",64.7198028564453,1,"AgroInnovationLab"
"Electronic Chip",93.9173965454102,1,"AgroInnovationLab"
"Electronics",95.0804290771484,5,"AgroInnovationLab"
"Emblem",66.5759429931641,2,"AgroInnovationLab"
"Executive",82.078971862793,3,"AgroInnovationLab"
"Face",81.8386030930739,13,"AgroInnovationLab"
"Farm",95.2832412719727,2,"AgroInnovationLab"
"Farm Plow",84.5498580932617,2,"AgroInnovationLab"
"Fashion",68.3262557983398,2,"AgroInnovationLab"
"Female",86.7475266890092,11,"AgroInnovationLab"
"Field",75.1021514892578,5,"AgroInnovationLab"
"File",57.390983581543,1,"AgroInnovationLab"
"Flag",82.4841918945312,2,"AgroInnovationLab"
"Flower",60.1156158447266,4,"AgroInnovationLab"
"Flyer",78.7289009094238,7,"AgroInnovationLab"
"Flying",67.3717956542969,2,"AgroInnovationLab"
"Furniture",63.5124168395996,4,"AgroInnovationLab"
"Garden",73.8462371826172,3,"AgroInnovationLab"
"Gardening",65.5952377319336,3,"AgroInnovationLab"
"Girl",73.751485824585,4,"AgroInnovationLab"
"Glasses",98.1156921386719,4,"AgroInnovationLab"
"Graphics",65.9604415893555,2,"AgroInnovationLab"
"Grass",84.2782707214355,4,"AgroInnovationLab"
"Gravel",82.1379114786784,3,"AgroInnovationLab"
"Gray",79.282470703125,2,"AgroInnovationLab"
"Green",89.0170631408691,4,"AgroInnovationLab"
"Hair",61.9233627319336,1,"AgroInnovationLab"
"Hand",95.7022476196289,2,"AgroInnovationLab"
"Hardware",99.0433044433594,1,"AgroInnovationLab"
"Head",93.9459190368652,2,"AgroInnovationLab"
"Helicopter",99.9507141113281,2,"AgroInnovationLab"
"Home Decor",72.6666107177734,2,"AgroInnovationLab"
"Human",98.9479141235352,3,"AgroInnovationLab"
"Interior Design",97.8724136352539,1,"AgroInnovationLab"
"Jacket",89.7123565673828,3,"AgroInnovationLab"
"Jar",60.3625640869141,1,"AgroInnovationLab"
"Jaw",94.1670837402344,1,"AgroInnovationLab"
"Label",70.6004249572754,10,"AgroInnovationLab"
"Lady",62.5484886169434,2,"AgroInnovationLab"
"Lawn Mower",62.269681930542,2,"AgroInnovationLab"
"Lecture",81.6582107543945,1,"AgroInnovationLab"
"Logo",84.7020034790039,16,"AgroInnovationLab"
"Machine",88.8597913469587,7,"AgroInnovationLab"
"Man",80.2268867492676,2,"AgroInnovationLab"
"Menu",85.1324234008789,1,"AgroInnovationLab"
"Mobile Phone",99.9819412231445,2,"AgroInnovationLab"
"Motorcycle",83.8881301879883,2,"AgroInnovationLab"
"Musician",72.0883712768555,2,"AgroInnovationLab"
"Nature",91.9345191955566,10,"AgroInnovationLab"
"Necktie",83.8900680541992,1,"AgroInnovationLab"
"Newspaper",90.0671615600586,2,"AgroInnovationLab"
"Number",77.1422653198242,4,"AgroInnovationLab"
"Outdoors",84.7256031036377,16,"AgroInnovationLab"
"Overcoat",91.8268905639648,5,"AgroInnovationLab"
"Page",59.8744773864746,1,"AgroInnovationLab"
"Pants",76.3646087646484,2,"AgroInnovationLab"
"Paper",81.2506724766323,7,"AgroInnovationLab"
"Pc",88.1974792480469,2,"AgroInnovationLab"
"People",79.0785537719727,5,"AgroInnovationLab"
"Person",99.274801381429,30,"AgroInnovationLab"
"Phone",99.9819412231445,2,"AgroInnovationLab"
"Photography",81.0269215901693,3,"AgroInnovationLab"
"Plant",77.2245199203491,20,"AgroInnovationLab"
"Planting",64.9740142822266,3,"AgroInnovationLab"
"Portrait",77.232672555106,7,"AgroInnovationLab"
"Poster",85.4861297607422,6,"AgroInnovationLab"
"Potted Plant",55.2532386779785,1,"AgroInnovationLab"
"Pottery",60.3625640869141,1,"AgroInnovationLab"
"Press Conference",79.6456146240234,1,"AgroInnovationLab"
"Road",82.1379114786784,3,"AgroInnovationLab"
"Rural",95.2832412719727,2,"AgroInnovationLab"
"Selfie",69.1032791137695,1,"AgroInnovationLab"
"Shoe",98.2026901245117,7,"AgroInnovationLab"
"Shop",57.5741767883301,1,"AgroInnovationLab"
"Sitting",82.6265182495117,5,"AgroInnovationLab"
"Sleeve",62.9245071411133,2,"AgroInnovationLab"
"Smile",72.2322087969099,7,"AgroInnovationLab"
"Soil",87.1540832519531,5,"AgroInnovationLab"
"Solar Panels",69.7965087890625,2,"AgroInnovationLab"
"Speech",82.6453323364258,1,"AgroInnovationLab"
"Spoke",88.8233413696289,1,"AgroInnovationLab"
"Stage",66.6103286743164,2,"AgroInnovationLab"
"Sticker",88.219108581543,1,"AgroInnovationLab"
"Straw",70.7160339355469,1,"AgroInnovationLab"
"Suit",90.4756145477295,12,"AgroInnovationLab"
"Symbol",84.8919855753581,18,"AgroInnovationLab"
"Teacher",98.5906066894531,2,"AgroInnovationLab"
"Text",87.1742205126532,29,"AgroInnovationLab"
"Tie",97.584684753418,5,"AgroInnovationLab"
"Tire",76.6100387573242,1,"AgroInnovationLab"
"Tool",69.7147598266602,2,"AgroInnovationLab"
"Tractor",69.7289886474609,2,"AgroInnovationLab"
"Trademark",84.7020034790039,16,"AgroInnovationLab"
"Train",70.9863700866699,2,"AgroInnovationLab"
"Transportation",85.8249473571777,10,"AgroInnovationLab"
"Tree",67.53125,2,"AgroInnovationLab"
"Triangle",55.4154891967773,2,"AgroInnovationLab"
"Truck",79.2166086832682,3,"AgroInnovationLab"
"Utility Pole",74.5790252685547,1,"AgroInnovationLab"
"Vase",60.3625640869141,1,"AgroInnovationLab"
"Vegetation",92.5275230407715,4,"AgroInnovationLab"
"Vehicle",82.2935056686401,8,"AgroInnovationLab"
"Weather",88.097785949707,2,"AgroInnovationLab"
"Wheel",94.6148038591657,7,"AgroInnovationLab"
"Woman",88.990613301595,6,"AgroInnovationLab"
"Word",81.0073047637939,10,"AgroInnovationLab"
"Worker",77.2768325805664,2,"AgroInnovationLab"
"World Of Warcraft",59.9965972900391,2,"AgroInnovationLab"
"Yard",99.8922271728516,2,"AgroInnovationLab"
"Accessories",96.4015655517578,2,"AustrianStartups"
"Acrobatic",58.9492149353027,1,"AustrianStartups"
"Adventure",58.9864044189453,1,"AustrianStartups"
"Advertisement",81.6989996773856,7,"AustrianStartups"
"Alley",76.1449737548828,1,"AustrianStartups"
"Apparel",72.6492487589518,3,"AustrianStartups"
"Art",69.0545349121094,1,"AustrianStartups"
"Atlas",91.5814514160156,1,"AustrianStartups"
"Audience",88.9959523677826,16,"AustrianStartups"
"Baseball Cap",85.6959533691406,1,"AustrianStartups"
"Bazaar",97.2546997070312,1,"AustrianStartups"
"Beard",81.9232528686523,5,"AustrianStartups"
"Birthday Cake",58.1142616271973,1,"AustrianStartups"
"Blonde",99.9010372161865,4,"AustrianStartups"
"Blossom",58.9105911254883,1,"AustrianStartups"
"Book",74.092264175415,2,"AustrianStartups"
"Bookcase",82.0959320068359,1,"AustrianStartups"
"Boy",95.2645924886068,3,"AustrianStartups"
"Brochure",58.5863227844238,1,"AustrianStartups"
"Building",99.9298858642578,1,"AustrianStartups"
"Business Card",83.8861745198568,3,"AustrianStartups"
"Cafe",79.1371040344238,2,"AustrianStartups"
"Cafeteria",73.958740234375,3,"AustrianStartups"
"Cake",95.0147857666016,1,"AustrianStartups"
"Chair",82.8160537719727,5,"AustrianStartups"
"Chandelier",88.3107833862305,1,"AustrianStartups"
"Child",99.621467590332,1,"AustrianStartups"
"Circus",56.1415176391602,1,"AustrianStartups"
"City",99.9298858642578,1,"AustrianStartups"
"Classroom",94.4846506118774,8,"AustrianStartups"
"Clothing",79.9250896160419,13,"AustrianStartups"
"Club",87.3915176391602,1,"AustrianStartups"
"Coat",82.9227600097656,2,"AustrianStartups"
"Collage",83.6905670166016,4,"AustrianStartups"
"Concert",81.7933095296224,3,"AustrianStartups"
"Costume",92.5448150634766,1,"AustrianStartups"
"Couch",61.7259559631348,1,"AustrianStartups"
"Cream",65.6887741088867,1,"AustrianStartups"
"Creme",65.6887741088867,1,"AustrianStartups"
"Crowd",90.9985039574759,28,"AustrianStartups"
"Dating",71.4514221191406,5,"AustrianStartups"
"Dessert",95.0147857666016,1,"AustrianStartups"
"Diagram",94.5679893493652,2,"AustrianStartups"
"Dimples",62.4319305419922,3,"AustrianStartups"
"Dining Table",80.882438659668,1,"AustrianStartups"
"Disco",57.581111907959,1,"AustrianStartups"
"Doctor",69.8881988525391,1,"AustrianStartups"
"Document",91.7772636413574,2,"AustrianStartups"
"Driving License",71.0214691162109,1,"AustrianStartups"
"Electronics",83.6582565307617,3,"AustrianStartups"
"Face",89.7149710337321,30,"AustrianStartups"
"Family",66.134729385376,2,"AustrianStartups"
"Female",87.7412595748901,12,"AustrianStartups"
"Fisheye",78.9691390991211,1,"AustrianStartups"
"Flower",58.9105911254883,1,"AustrianStartups"
"Flyer",69.9512420654297,5,"AustrianStartups"
"Food",95.0147857666016,1,"AustrianStartups"
"Furniture",83.1332468305315,7,"AustrianStartups"
"Girl",88.5743321010045,7,"AustrianStartups"
"Glasses",85.5152893066406,2,"AustrianStartups"
"Graphics",69.0545349121094,1,"AustrianStartups"
"Grass",99.9099807739258,1,"AustrianStartups"
"Guitar",55.9156761169434,1,"AustrianStartups"
"Hair",71.3984993828668,9,"AustrianStartups"
"Head",83.9206481346717,13,"AustrianStartups"
"Home Decor",62.6900939941406,1,"AustrianStartups"
"Human",97.980089524213,17,"AustrianStartups"
"Ice",74.9122085571289,1,"AustrianStartups"
"Icing",65.6887741088867,1,"AustrianStartups"
"Id Cards",91.7772636413574,2,"AustrianStartups"
"Indoors",87.6280914034162,28,"AustrianStartups"
"Interior Design",94.4118512471517,6,"AustrianStartups"
"Jacket",59.1272850036621,1,"AustrianStartups"
"Jar",88.6787338256836,1,"AustrianStartups"
"Jaw",98.9365577697754,2,"AustrianStartups"
"Jeans",65.8066635131836,1,"AustrianStartups"
"Kid",99.9010372161865,4,"AustrianStartups"
"Label",85.8803787231445,2,"AustrianStartups"
"Lady",62.807991027832,1,"AustrianStartups"
"Lawn",91.2885971069336,1,"AustrianStartups"
"Lecture",82.4959941864014,10,"AustrianStartups"
"LED",55.021240234375,1,"AustrianStartups"
"Leisure Activities",69.479258219401,3,"AustrianStartups"
"Library",59.8002510070801,2,"AustrianStartups"
"Light",59.7028121948242,1,"AustrianStartups"
"Lighting",98.4203186035156,1,"AustrianStartups"
"Lobby",56.0410385131836,1,"AustrianStartups"
"Logo",80.2717380523682,4,"AustrianStartups"
"Magazine",59.1517333984375,1,"AustrianStartups"
"Man",81.0734401702881,10,"AustrianStartups"
"Map",96.361686706543,1,"AustrianStartups"
"Market",98.3403778076172,1,"AustrianStartups"
"Menu",64.3842391967773,1,"AustrianStartups"
"Music Band",77.0160865783691,2,"AustrianStartups"
"Musical Instrument",86.5970058441162,4,"AustrianStartups"
"Musician",81.4370803833008,3,"AustrianStartups"
"Nature",79.3630065917969,1,"AustrianStartups"
"Night Club",75.4929428100586,1,"AustrianStartups"
"Number",77.5976581573486,2,"AustrianStartups"
"Nurse",79.9341278076172,1,"AustrianStartups"
"Orchestra",99.9607696533203,1,"AustrianStartups"
"Outdoors",85.506477355957,2,"AustrianStartups"
"Overcoat",98.087028503418,1,"AustrianStartups"
"Page",67.706901550293,1,"AustrianStartups"
"Pants",80.9274475097656,5,"AustrianStartups"
"Paper",70.7863475799561,10,"AustrianStartups"
"Party",76.9473037719727,1,"AustrianStartups"
"Pedestrian",99.1863327026367,1,"AustrianStartups"
"Pendant",95.4727325439453,1,"AustrianStartups"
"People",74.8739672851563,25,"AustrianStartups"
"Performer",72.2264048258464,3,"AustrianStartups"
"Person",99.0247737004207,65,"AustrianStartups"
"Petal",58.9105911254883,1,"AustrianStartups"
"Photo",60.5739059448242,2,"AustrianStartups"
"Photography",66.9105820655823,8,"AustrianStartups"
"Plan",92.7742919921875,1,"AustrianStartups"
"Plant",72.9340731302897,6,"AustrianStartups"
"Plot",92.1778717041016,2,"AustrianStartups"
"Porthole",97.495475769043,1,"AustrianStartups"
"Portrait",65.5586627613414,11,"AustrianStartups"
"Poster",82.2230275472005,6,"AustrianStartups"
"Potted Plant",79.7678298950195,2,"AustrianStartups"
"Pottery",73.0879287719727,2,"AustrianStartups"
"Press Conference",78.318395614624,8,"AustrianStartups"
"Projection Screen",77.2281532287598,2,"AustrianStartups"
"Reading",71.4734840393066,2,"AustrianStartups"
"Reed",84.3724746704102,1,"AustrianStartups"
"Restaurant",86.2658665974935,3,"AustrianStartups"
"Road",99.9298858642578,1,"AustrianStartups"
"Room",87.4452377319336,25,"AustrianStartups"
"School",96.9422251383464,6,"AustrianStartups"
"Scoreboard",69.5838012695312,1,"AustrianStartups"
"Screen",83.1680536270142,4,"AustrianStartups"
"Selfie",59.9251480102539,1,"AustrianStartups"
"Seminar",76.591968536377,7,"AustrianStartups"
"Shelf",73.4691619873047,2,"AustrianStartups"
"Shop",87.8261642456055,1,"AustrianStartups"
"Sign",60.3860702514648,1,"AustrianStartups"
"Sitting",98.9953765869141,1,"AustrianStartups"
"Skin",72.0274238586426,2,"AustrianStartups"
"Sled",75.5402908325195,1,"AustrianStartups"
"Sleeve",71.1901321411133,1,"AustrianStartups"
"Smile",79.2927442278181,7,"AustrianStartups"
"Snow",62.7173080444336,1,"AustrianStartups"
"Speech",85.4149832725525,8,"AustrianStartups"
"Spotlight",55.021240234375,1,"AustrianStartups"
"Stage",81.9964383443197,3,"AustrianStartups"
"Street",99.9298858642578,1,"AustrianStartups"
"Studio",56.3358917236328,1,"AustrianStartups"
"Suit",98.087028503418,1,"AustrianStartups"
"Sunglasses",97.6803016662598,2,"AustrianStartups"
"Symbol",76.6669055393764,7,"AustrianStartups"
"Table",85.5009021759033,4,"AustrianStartups"
"Tabletop",63.7951126098633,2,"AustrianStartups"
"Teacher",55.4027900695801,1,"AustrianStartups"
"Teen",99.9010372161865,4,"AustrianStartups"
"Text",85.7832826886858,14,"AustrianStartups"
"Theater",83.6099166870117,3,"AustrianStartups"
"Trademark",80.2717380523682,4,"AustrianStartups"
"Urban",99.9298858642578,1,"AustrianStartups"
"Vacation",67.8200073242188,1,"AustrianStartups"
"Vase",72.3442611694336,3,"AustrianStartups"
"Vegetation",81.1563568115234,1,"AustrianStartups"
"White Board",97.9838714599609,1,"AustrianStartups"
"Window",99.8200302124023,1,"AustrianStartups"
"Woman",87.6946271260579,6,"AustrianStartups"
"Word",86.9380645751953,2,"AustrianStartups"
"Workshop",76.5548257827759,4,"AustrianStartups"
"Altar",86.1988296508789,1,"BlueMinds-Company"
"Architecture",86.1988296508789,1,"BlueMinds-Company"
"Art",99.9303970336914,1,"BlueMinds-Company"
"Astronomy",80.0772399902344,2,"BlueMinds-Company"
"Audience",79.0606676737467,3,"BlueMinds-Company"
"Building",86.1988296508789,1,"BlueMinds-Company"
"Business Card",62.9732055664062,1,"BlueMinds-Company"
"Chair",72.0252456665039,1,"BlueMinds-Company"
"Clothing",97.0233815511068,3,"BlueMinds-Company"
"Coat",99.0171356201172,1,"BlueMinds-Company"
"Computer Keyboard",72.6597061157227,1,"BlueMinds-Company"
"Crowd",82.5291870117187,5,"BlueMinds-Company"
"Dating",74.0782318115234,1,"BlueMinds-Company"
"Face",84.2013956705729,3,"BlueMinds-Company"
"Family",67.1660690307617,1,"BlueMinds-Company"
"Female",78.3409258524577,3,"BlueMinds-Company"
"First Aid",87.8416519165039,1,"BlueMinds-Company"
"Floral Design",99.7849578857422,1,"BlueMinds-Company"
"Girl",62.5463809967041,2,"BlueMinds-Company"
"Glass",70.9668350219727,1,"BlueMinds-Company"
"Graphics",99.9303970336914,1,"BlueMinds-Company"
"Indoors",92.4894866943359,2,"BlueMinds-Company"
"Interior Design",99.6021499633789,1,"BlueMinds-Company"
"Jeans",78.2115631103516,1,"BlueMinds-Company"
"Label",99.8662948608398,1,"BlueMinds-Company"
"Lamp",57.844482421875,1,"BlueMinds-Company"
"Laptop",84.6474990844727,1,"BlueMinds-Company"
"Lecture",74.5121879577637,2,"BlueMinds-Company"
"Lighting",99.8418884277344,1,"BlueMinds-Company"
"Man",73.8555679321289,1,"BlueMinds-Company"
"Outer Space",79.1103820800781,2,"BlueMinds-Company"
"Overcoat",99.0171356201172,1,"BlueMinds-Company"
"Pants",98.5230255126953,1,"BlueMinds-Company"
"Paper",62.5829925537109,2,"BlueMinds-Company"
"Party",80.8759231567383,1,"BlueMinds-Company"
"Pattern",99.7849578857422,1,"BlueMinds-Company"
"People",83.061336517334,4,"BlueMinds-Company"
"Person",99.4526824951172,7,"BlueMinds-Company"
"Photography",66.0172538757324,2,"BlueMinds-Company"
"Planet",59.3517379760742,2,"BlueMinds-Company"
"Plot",71.8124160766602,1,"BlueMinds-Company"
"Portrait",66.0172538757324,2,"BlueMinds-Company"
"Room",91.8818893432617,2,"BlueMinds-Company"
"Sign",65.6991653442383,1,"BlueMinds-Company"
"Sitting",77.0726470947266,3,"BlueMinds-Company"
"Space",79.1103820800781,2,"BlueMinds-Company"
"Speech",75.1259918212891,1,"BlueMinds-Company"
"Stage",99.7033157348633,1,"BlueMinds-Company"
"Sticker",87.1897354125977,1,"BlueMinds-Company"
"Suit",99.0171356201172,1,"BlueMinds-Company"
"Symbol",78.4640426635742,1,"BlueMinds-Company"
"Text",86.6020946502686,4,"BlueMinds-Company"
"Theater",75.5134429931641,1,"BlueMinds-Company"
"Tie",79.6737899780273,1,"BlueMinds-Company"
"Tuxedo",83.8882217407227,1,"BlueMinds-Company"
"Universe",79.1103820800781,2,"BlueMinds-Company"
"Woman",68.3962268829346,2,"BlueMinds-Company"
"Word",83.1438751220703,1,"BlueMinds-Company"
"Advertisement",75.6368808746338,2,"Factory1"
"Aerial View",99.3899841308594,1,"Factory1"
"Apparel",61.62939453125,1,"Factory1"
"Architecture",92.2995300292969,1,"Factory1"
"Asphalt",66.3398208618164,1,"Factory1"
"Audience",80.8655446370443,3,"Factory1"
"Blazer",62.9878997802734,2,"Factory1"
"Building",99.5687561035156,1,"Factory1"
"Car",98.5282821655273,1,"Factory1"
"Chair",96.1334381103516,1,"Factory1"
"City",82.6696917215983,3,"Factory1"
"Classroom",92.0225296020508,1,"Factory1"
"Clothing",81.7436819076538,8,"Factory1"
"Coat",64.0716773986816,5,"Factory1"
"Condo",75.3590927124023,1,"Factory1"
"Crowd",85.9200954437256,8,"Factory1"
"Dress",90.4048004150391,1,"Factory1"
"Face",75.9644152323405,3,"Factory1"
"Female",59.8977279663086,1,"Factory1"
"Field",73.0954055786133,1,"Factory1"
"Flare",59.0034446716309,1,"Factory1"
"Flower",93.451171875,1,"Factory1"
"Flower Arrangement",89.5137405395508,1,"Factory1"
"Flower Bouquet",89.5137405395508,1,"Factory1"
"Flyer",87.5857391357422,1,"Factory1"
"Footwear",97.636116027832,1,"Factory1"
"Freeway",83.41455078125,2,"Factory1"
"Head",64.3395233154297,2,"Factory1"
"High Rise",99.5687561035156,1,"Factory1"
"Highway",69.5133399963379,2,"Factory1"
"Home Decor",66.0212097167969,1,"Factory1"
"Human",99.5722859700521,3,"Factory1"
"Indoors",93.9044723510742,1,"Factory1"
"Jacket",65.5472869873047,1,"Factory1"
"Jeans",56.4321212768555,1,"Factory1"
"Landscape",99.9927291870117,1,"Factory1"
"Lecture",91.395637512207,1,"Factory1"
"Light",95.8246765136719,1,"Factory1"
"Lighting",91.8592376708984,1,"Factory1"
"Man",80.6915283203125,2,"Factory1"
"Metropolis",92.1461639404297,2,"Factory1"
"Nature",89.1787261962891,2,"Factory1"
"Neon",57.4149398803711,1,"Factory1"
"Office Building",75.6379165649414,1,"Factory1"
"Outdoors",91.1687355041504,2,"Factory1"
"Pants",90.910026550293,1,"Factory1"
"Paper",87.5857391357422,1,"Factory1"
"People",65.4744369506836,5,"Factory1"
"Performer",56.3287963867188,1,"Factory1"
"Person",98.226531346639,12,"Factory1"
"Photography",64.5678787231445,1,"Factory1"
"Plant",97.839714050293,1,"Factory1"
"Portrait",64.5678787231445,1,"Factory1"
"Poster",73.0661811828613,2,"Factory1"
"Press Conference",89.3654899597168,2,"Factory1"
"Road",97.0437622070312,3,"Factory1"
"Room",93.9044723510742,1,"Factory1"
"Running Shoe",78.4042358398438,1,"Factory1"
"Scenery",99.9897232055664,1,"Factory1"
"School",75.8887901306152,2,"Factory1"
"Seminar",80.7382507324219,1,"Factory1"
"Shoe",97.0726776123047,1,"Factory1"
"Sitting",76.6176795959473,2,"Factory1"
"Skyscraper",74.1481628417969,1,"Factory1"
"Sneaker",75.9354782104492,1,"Factory1"
"Speech",93.2242584228516,1,"Factory1"
"Street",56.038387298584,1,"Factory1"
"Suit",94.1195373535156,1,"Factory1"
"Tarmac",62.7672004699707,2,"Factory1"
"Text",72.4907112121582,2,"Factory1"
"Traffic Jam",66.0662612915039,1,"Factory1"
"Transportation",98.5282821655273,1,"Factory1"
"Urban",95.452220916748,2,"Factory1"
"Vehicle",98.5282821655273,1,"Factory1"
"White Board",92.2183532714844,1,"Factory1"
"Word",64.1013946533203,1,"Factory1"
"Accessories",93.1348419189453,1,"Greenstart"
"Accessory",93.1348419189453,1,"Greenstart"
"Advertisement",97.41552734375,2,"Greenstart"
"Aerial View",96.6219863891602,1,"Greenstart"
"Alcohol",64.529655456543,1,"Greenstart"
"Animal",99.0546112060547,1,"Greenstart"
"Antelope",70.9014053344727,1,"Greenstart"
"Apparel",79.6087894439697,2,"Greenstart"
"Architecture",73.7118072509766,1,"Greenstart"
"Art",81.3597984313965,2,"Greenstart"
"Audience",90.8867746988932,6,"Greenstart"
"Beverage",75.1329727172852,2,"Greenstart"
"Bicycle",88.3243204752604,3,"Greenstart"
"Bike",99.9269256591797,1,"Greenstart"
"Blazer",84.1683146158854,3,"Greenstart"
"Boar",92.0231781005859,1,"Greenstart"
"Bottle",77.4412002563477,1,"Greenstart"
"Box",83.4240493774414,1,"Greenstart"
"Bread",95.3284530639648,1,"Greenstart"
"Building",76.3097343444824,2,"Greenstart"
"Burger",99.9152908325195,1,"Greenstart"
"Cafeteria",78.8382835388184,2,"Greenstart"
"Calligraphy",60.918041229248,1,"Greenstart"
"Car",84.8201942443848,2,"Greenstart"
"Carton",59.9680023193359,1,"Greenstart"
"Cell Phone",99.9944076538086,1,"Greenstart"
"Chair",85.7783279418945,3,"Greenstart"
"Classroom",86.1540298461914,3,"Greenstart"
"Clock Tower",73.7118072509766,1,"Greenstart"
"Clothing",91.0711509159633,14,"Greenstart"
"Coat",82.078821182251,4,"Greenstart"
"Collage",88.0248641967773,2,"Greenstart"
"Computer",98.2251892089844,1,"Greenstart"
"Couch",99.6516494750977,1,"Greenstart"
"Court",77.6008605957031,1,"Greenstart"
"Cow",63.858570098877,1,"Greenstart"
"Crate",57.9612197875977,1,"Greenstart"
"Crowd",87.9197058677673,8,"Greenstart"
"Cushion",87.019889831543,1,"Greenstart"
"Desk",78.1842651367188,1,"Greenstart"
"Desktop",79.6807632446289,1,"Greenstart"
"Dish",75.958854675293,1,"Greenstart"
"Doctor",95.6100082397461,1,"Greenstart"
"Dog",63.9944839477539,1,"Greenstart"
"Drink",76.0322799682617,1,"Greenstart"
"Electronics",99.6019973754883,2,"Greenstart"
"Elephant",66.1953582763672,1,"Greenstart"
"Face",79.5264022827148,5,"Greenstart"
"Female",57.5491180419922,1,"Greenstart"
"Flyer",80.3349838256836,1,"Greenstart"
"Food",97.6218719482422,2,"Greenstart"
"Footwear",71.7383041381836,1,"Greenstart"
"Furniture",81.7996322631836,5,"Greenstart"
"Graphics",73.0497970581055,1,"Greenstart"
"Grass",99.8421096801758,1,"Greenstart"
"Green",56.3677215576172,1,"Greenstart"
"Handwriting",64.1714630126953,1,"Greenstart"
"Hat",72.8120765686035,2,"Greenstart"
"Head",81.9141159057617,1,"Greenstart"
"Hog",99.0546112060547,1,"Greenstart"
"Hood",84.2736434936523,1,"Greenstart"
"Human",97.5037963867187,5,"Greenstart"
"Indoors",80.5361562456403,7,"Greenstart"
"Intersection",92.9300994873047,1,"Greenstart"
"Iphone",56.480094909668,1,"Greenstart"
"Jacket",85.7613093058268,3,"Greenstart"
"Jeans",61.7211074829102,2,"Greenstart"
"Label",67.2899780273438,1,"Greenstart"
"Landscape",99.9873580932617,1,"Greenstart"
"Lawn",87.2398300170898,1,"Greenstart"
"LCD Screen",78.1646423339844,1,"Greenstart"
"Lecture",69.9203465779622,3,"Greenstart"
"Light",98.8812789916992,1,"Greenstart"
"Lightbulb",85.8711929321289,1,"Greenstart"
"Living Room",71.4110641479492,1,"Greenstart"
"Locomotive",93.0890731811523,1,"Greenstart"
"Long Sleeve",88.1535949707031,1,"Greenstart"
"Machine",99.6567916870117,1,"Greenstart"
"Mammal",99.0546112060547,1,"Greenstart"
"Man",72.5471839904785,2,"Greenstart"
"Meal",69.8267498016357,2,"Greenstart"
"Milk",76.0322799682617,1,"Greenstart"
"Mobile Phone",99.9944076538086,1,"Greenstart"
"Monitor",99.209587097168,1,"Greenstart"
"Motor Scooter",56.9848709106445,1,"Greenstart"
"Motorcycle",82.1954956054688,1,"Greenstart"
"Nature",99.9873580932617,1,"Greenstart"
"Neighborhood",67.8977394104004,2,"Greenstart"
"Origami",89.6697998046875,1,"Greenstart"
"Outdoors",72.1007232666016,4,"Greenstart"
"Overcoat",99.0785369873047,1,"Greenstart"
"Pants",83.4770736694336,5,"Greenstart"
"Paper",86.453914642334,2,"Greenstart"
"Party",58.9921264648438,1,"Greenstart"
"Party Hat",62.703254699707,2,"Greenstart"
"Pc",78.7255477905273,1,"Greenstart"
"People",77.5659644386985,11,"Greenstart"
"Person",99.1357176407524,23,"Greenstart"
"Phone",99.9944076538086,1,"Greenstart"
"Photography",66.3270587921143,2,"Greenstart"
"Pig",99.0546112060547,1,"Greenstart"
"Plant",74.1555576324463,4,"Greenstart"
"Portrait",72.5391540527344,1,"Greenstart"
"Poster",97.1648979187012,2,"Greenstart"
"Press Conference",65.2987899780273,1,"Greenstart"
"Prison",58.6979789733887,1,"Greenstart"
"Railway",96.2379837036133,1,"Greenstart"
"Restaurant",83.0846710205078,2,"Greenstart"
"Road",95.4698944091797,1,"Greenstart"
"Room",81.8894437154134,6,"Greenstart"
"Scenery",99.9846115112305,1,"Greenstart"
"School",95.1918462117513,3,"Greenstart"
"Screen",99.209587097168,1,"Greenstart"
"Selfie",64.1019287109375,1,"Greenstart"
"Seminar",94.2067794799805,1,"Greenstart"
"Shirt",81.5997047424316,2,"Greenstart"
"Shoe",76.8764928181966,3,"Greenstart"
"Shorts",82.0026550292969,1,"Greenstart"
"Sitting",98.9381332397461,2,"Greenstart"
"Sleeve",84.399040222168,3,"Greenstart"
"Soil",56.2511825561523,1,"Greenstart"
"Speech",83.9875768025716,3,"Greenstart"
"Suit",91.5628242492676,4,"Greenstart"
"Sunglasses",93.1348419189453,1,"Greenstart"
"Table",73.9186668395996,2,"Greenstart"
"Text",86.026538848877,4,"Greenstart"
"Tower",73.7118072509766,1,"Greenstart"
"Train",99.5000076293945,1,"Greenstart"
"Transportation",91.8041725158691,4,"Greenstart"
"Tree",67.505542755127,2,"Greenstart"
"Tricycle",86.3947830200195,1,"Greenstart"
"Tub",69.3320541381836,1,"Greenstart"
"Urban",73.1350364685059,2,"Greenstart"
"Vegetation",71.1605205535889,2,"Greenstart"
"Vehicle",91.8041725158691,4,"Greenstart"
"Veterinarian",78.8128204345703,1,"Greenstart"
"Walking",61.8467864990234,1,"Greenstart"
"Wheel",86.0310935974121,2,"Greenstart"
"Wood",69.2559814453125,2,"Greenstart"
"Workshop",98.0004425048828,1,"Greenstart"
"Yard",70.6637802124023,1,"Greenstart"
"Accessories",88.3685836791992,3,"I2C"
"Advertisement",76.3690632411412,7,"I2C"
"Animal",71.0401611328125,1,"I2C"
"Arm",58.3073539733887,1,"I2C"
"Art",60.3802871704102,2,"I2C"
"Astronomy",58.2857513427734,1,"I2C"
"Brochure",76.0398406982422,1,"I2C"
"Clothing",68.4966659545898,1,"I2C"
"Computer",93.6296310424805,1,"I2C"
"Computer Keyboard",86.1753044128418,6,"I2C"
"Document",92.1387008666992,5,"I2C"
"Driving License",66.4455871582031,3,"I2C"
"Electronics",85.9713790893555,5,"I2C"
"Flyer",72.6519966125488,6,"I2C"
"Glasses",87.3039836883545,4,"I2C"
"Hardware",93.6296310424805,1,"I2C"
"Human",93.5724029541016,4,"I2C"
"Id Cards",82.1229190826416,8,"I2C"
"Keyboard",83.3085517883301,2,"I2C"
"Leisure Activities",67.6618118286133,1,"I2C"
"Logo",56.2930183410645,1,"I2C"
"Nature",71.1200729370117,5,"I2C"
"Outdoors",73.5381240844727,4,"I2C"
"Outer Space",57.625129699707,1,"I2C"
"Page",55.3993453979492,2,"I2C"
"Paper",71.2894378662109,10,"I2C"
"Person",97.7576059194712,13,"I2C"
"Poster",76.3690632411412,7,"I2C"
"Sea Life",58.8507843017578,1,"I2C"
"Space",57.625129699707,1,"I2C"
"Sphere",81.163553237915,4,"I2C"
"Suit",68.4966659545898,1,"I2C"
"Symbol",74.0596733093262,2,"I2C"
"Text",91.3962129446176,13,"I2C"
"Trademark",56.2930183410645,1,"I2C"
"Universe",57.625129699707,1,"I2C"
"Abies",71.7602691650391,1,"ImpactHub"
"Accessories",69.3960766792297,8,"ImpactHub"
"Accessory",72.4858291625977,5,"ImpactHub"
"Adapter",80.7869606018066,2,"ImpactHub"
"Adventure",83.6637725830078,1,"ImpactHub"
"Advertisement",65.6740412030901,7,"ImpactHub"
"Agriculture",96.915641784668,1,"ImpactHub"
"Aircraft",94.4188385009766,1,"ImpactHub"
"Airmail",55.0435218811035,1,"ImpactHub"
"Alcohol",93.8135070800781,3,"ImpactHub"
"Alloy Wheel",57.1997375488281,1,"ImpactHub"
"Alphabet",74.4750900268555,14,"ImpactHub"
"Ampersand",56.0200233459473,2,"ImpactHub"
"Anemone",56.3599281311035,1,"ImpactHub"
"Animal",85.6313858032227,8,"ImpactHub"
"Annonaceae",57.6772308349609,1,"ImpactHub"
"Apartment Building",77.1394271850586,1,"ImpactHub"
"Apidae",99.5543060302734,1,"ImpactHub"
"Apparel",90.2783831278483,30,"ImpactHub"
"Apple",61.9690246582031,2,"ImpactHub"
"Appliance",77.5244750976562,2,"ImpactHub"
"Arbour",87.4385375976562,1,"ImpactHub"
"Architecture",73.9732856750488,2,"ImpactHub"
"Arm",79.5485006059919,14,"ImpactHub"
"Art",79.9103143480089,18,"ImpactHub"
"Art Gallery",89.0837554931641,1,"ImpactHub"
"Aster",60.375675201416,1,"ImpactHub"
"Astronomy",84.4005889892578,1,"ImpactHub"
"Atlas",72.2369867960612,3,"ImpactHub"
"Attorney",56.77197265625,1,"ImpactHub"
"Audience",88.5316407945421,9,"ImpactHub"
"Autograph",69.038808186849,3,"ImpactHub"
"Bag",63.1793479919434,2,"ImpactHub"
"Ball",97.4570770263672,1,"ImpactHub"
"Balloon",97.4570770263672,1,"ImpactHub"
"Banana",98.7907638549805,1,"ImpactHub"
"Baseball Cap",74.4388122558594,1,"ImpactHub"
"Bath Towel",93.5099258422852,1,"ImpactHub"
"Bazaar",55.1017799377441,1,"ImpactHub"
"Beard",90.7830085754395,2,"ImpactHub"
"Bee",97.6372032165527,2,"ImpactHub"
"Beverage",89.4044771194458,8,"ImpactHub"
"Bicycle",99.4680938720703,4,"ImpactHub"
"Bike",99.0982551574707,2,"ImpactHub"
"Bird",80.1562105814616,6,"ImpactHub"
"Blackboard",98.41796875,1,"ImpactHub"
"Blade",84.3180923461914,1,"ImpactHub"
"Blanket",78.1130027770996,2,"ImpactHub"
"Blazer",77.7749660491943,10,"ImpactHub"
"Blonde",86.5028974092924,13,"ImpactHub"
"Blossom",84.902671178182,6,"ImpactHub"
"Blouse",95.8835983276367,1,"ImpactHub"
"Blueberry",98.4599456787109,2,"ImpactHub"
"Bonfire",77.4231414794922,1,"ImpactHub"
"Book",87.6048606872559,5,"ImpactHub"
"Bottle",60.6612917582194,3,"ImpactHub"
"Bowl",77.8964881896973,2,"ImpactHub"
"Box",83.9727605183919,3,"ImpactHub"
"Bread",73.7126693725586,2,"ImpactHub"
"Breakfast",95.9582672119141,1,"ImpactHub"
"Brush",56.5376777648926,1,"ImpactHub"
"Buckle",70.8479919433594,1,"ImpactHub"
"Building",89.037073135376,4,"ImpactHub"
"Bumblebee",90.5372924804688,1,"ImpactHub"
"Bun",64.4688339233398,1,"ImpactHub"
"Burger",87.4106292724609,2,"ImpactHub"
"Business Card",84.904914855957,1,"ImpactHub"
"Cable",89.0548324584961,1,"ImpactHub"
"Cafe",89.3805389404297,1,"ImpactHub"
"Cafeteria",69.6918497085571,4,"ImpactHub"
"Cake",96.8134307861328,1,"ImpactHub"
"Calculator",83.2010803222656,1,"ImpactHub"
"Camera",94.8053741455078,1,"ImpactHub"
"Can",87.9019165039062,1,"ImpactHub"
"Canvas",71.402473449707,3,"ImpactHub"
"Cap",73.935173034668,1,"ImpactHub"
"Cardboard",87.6175270080566,2,"ImpactHub"
"Cardigan",70.6086832682292,3,"ImpactHub"
"Carrot",98.7768936157227,1,"ImpactHub"
"Carton",74.4367065429688,3,"ImpactHub"
"Cell Phone",97.8593673706055,3,"ImpactHub"
"Chair",86.0429091453552,8,"ImpactHub"
"Chef",58.491024017334,1,"ImpactHub"
"Chess",73.2041320800781,1,"ImpactHub"
"Christmas Stocking",67.4267578125,1,"ImpactHub"
"Christmas Tree",93.7675247192383,2,"ImpactHub"
"Citrus Fruit",92.2985443115234,5,"ImpactHub"
"City",95.7679214477539,2,"ImpactHub"
"Clam",83.1121673583984,1,"ImpactHub"
"Classroom",81.2717208862305,5,"ImpactHub"
"Clogs",57.4268836975098,1,"ImpactHub"
"Clothing",90.1046414023951,95,"ImpactHub"
"Coat",81.2909126281738,11,"ImpactHub"
"Cocktail",57.7938385009766,1,"ImpactHub"
"Coffee Cup",99.0479583740234,1,"ImpactHub"
"Coffee Table",61.6934432983398,1,"ImpactHub"
"Computer",94.5041516621908,12,"ImpactHub"
"Computer Keyboard",94.3157825469971,8,"ImpactHub"
"Concert",55.7371139526367,1,"ImpactHub"
"Cone",62.4028625488281,1,"ImpactHub"
"Confectionery",86.1943969726562,1,"ImpactHub"
"Confetti",56.6093921661377,4,"ImpactHub"
"Conifer",83.6501083374023,1,"ImpactHub"
"Countryside",96.915641784668,1,"ImpactHub"
"Crayon",60.048152923584,2,"ImpactHub"
"Cream",72.3937482833862,4,"ImpactHub"
"Crib",62.7147903442383,1,"ImpactHub"
"Crowd",82.1299261613326,22,"ImpactHub"
"Crystal",56.7110404968262,1,"ImpactHub"
"Cucumber",68.8860931396484,1,"ImpactHub"
"Cup",99.0479583740234,1,"ImpactHub"
"Cushion",90.8439661661784,3,"ImpactHub"
"Cyclist",64.8379821777344,1,"ImpactHub"
"Dance Pose",78.3418502807617,1,"ImpactHub"
"Dating",66.8818435668945,11,"ImpactHub"
"Denim",77.709903717041,2,"ImpactHub"
"Desk",87.8909581502279,3,"ImpactHub"
"Dessert",82.881781578064,4,"ImpactHub"
"Diagram",84.6852813720703,5,"ImpactHub"
"Diary",67.5221837361654,3,"ImpactHub"
"Digital Camera",72.6653747558594,1,"ImpactHub"
"Dimples",69.4531478881836,1,"ImpactHub"
"Dining Table",81.5366096496582,2,"ImpactHub"
"Dish",76.20361328125,7,"ImpactHub"
"Display",83.4602317810059,2,"ImpactHub"
"Document",79.7001419067383,3,"ImpactHub"
"Doll",98.7553024291992,1,"ImpactHub"
"Doodle",61.5969874064128,3,"ImpactHub"
"Door",59.6760940551758,1,"ImpactHub"
"Downtown",89.4487380981445,1,"ImpactHub"
"Drawing",71.6622837611607,7,"ImpactHub"
"Dress",78.7319183349609,2,"ImpactHub"
"Dress Shirt",97.0333938598633,2,"ImpactHub"
"Drink",86.3277638753255,3,"ImpactHub"
"Driving License",82.0480194091797,1,"ImpactHub"
"Eating",67.350715637207,1,"ImpactHub"
"Eggplant",84.0615081787109,1,"ImpactHub"
"Electrical Device",83.5152257283529,3,"ImpactHub"
"Electronics",90.9442742389181,23,"ImpactHub"
"Engine",99.005744934082,1,"ImpactHub"
"Envelope",78.5312194824219,1,"ImpactHub"
"Espresso",91.2836227416992,1,"ImpactHub"
"Evening Dress",74.7315483093262,2,"ImpactHub"
"Executive",79.4788780212402,2,"ImpactHub"
"Face",82.9665463017482,102,"ImpactHub"
"Family",67.9939987182617,5,"ImpactHub"
"Farm",56.2649269104004,1,"ImpactHub"
"Fashion",69.265141805013,3,"ImpactHub"
"Female",84.006122469902,64,"ImpactHub"
"Field",95.3766975402832,2,"ImpactHub"
"Figurine",61.0444202423096,2,"ImpactHub"
"Finger",67.8536069533404,17,"ImpactHub"
"Fir",71.7602691650391,1,"ImpactHub"
"Fire",77.4231414794922,1,"ImpactHub"
"Fireworks",72.8363265991211,2,"ImpactHub"
"First Aid",58.863697052002,1,"ImpactHub"
"Fitness",74.944580078125,1,"ImpactHub"
"Flame",77.4231414794922,1,"ImpactHub"
"Flare",90.5311622619629,2,"ImpactHub"
"Flooring",96.696174621582,1,"ImpactHub"
"Floral Design",72.0069427490234,2,"ImpactHub"
"Flower",84.902671178182,6,"ImpactHub"
"Flyer",68.4596341451009,3,"ImpactHub"
"Flying",67.8985481262207,2,"ImpactHub"
"Fog",59.6188354492188,1,"ImpactHub"
"Food",91.8996488397772,22,"ImpactHub"
"Food Court",83.1936187744141,1,"ImpactHub"
"Footwear",87.6008735656738,5,"ImpactHub"
"Fork",96.3111038208008,1,"ImpactHub"
"Fountain Pen",97.1487503051758,1,"ImpactHub"
"Fruit",93.4637520530007,11,"ImpactHub"
"Furniture",84.5558518802418,17,"ImpactHub"
"Game",69.0518188476562,2,"ImpactHub"
"Garlic",61.770809173584,1,"ImpactHub"
"Gift",67.4267578125,1,"ImpactHub"
"Girl",72.1437281015757,37,"ImpactHub"
"Glass",82.6381940841675,4,"ImpactHub"
"Glasses",82.0747674306234,6,"ImpactHub"
"Goblet",59.0463695526123,2,"ImpactHub"
"Goggles",65.1864891052246,2,"ImpactHub"
"Gown",74.7315483093262,2,"ImpactHub"
"Graffiti",71.6143798828125,1,"ImpactHub"
"Grapefruit",77.348503112793,5,"ImpactHub"
"Graphics",72.1502621968587,6,"ImpactHub"
"Green",93.4849166870117,1,"ImpactHub"
"Greeting Card",56.4675178527832,1,"ImpactHub"
"Ground",62.1070709228516,1,"ImpactHub"
"Grove",99.9769821166992,1,"ImpactHub"
"Hair",61.8323574066162,4,"ImpactHub"
"Hand",78.0406958716256,28,"ImpactHub"
"Hand-Held Computer",56.1300964355469,1,"ImpactHub"
"Handshake",94.2866516113281,1,"ImpactHub"
"Handwriting",84.8500289916992,5,"ImpactHub"
"Hardware",98.9981918334961,2,"ImpactHub"
"Hardwood",74.5900535583496,2,"ImpactHub"
"Hat",68.4145876566569,3,"ImpactHub"
"Head",68.8712720870972,4,"ImpactHub"
"Headphones",86.3534317016602,1,"ImpactHub"
"Headset",86.3534317016602,1,"ImpactHub"
"Heart",65.4420776367188,1,"ImpactHub"
"Heel",57.7634696960449,1,"ImpactHub"
"Helmet",93.3459014892578,1,"ImpactHub"
"Herbal",74.1319198608398,1,"ImpactHub"
"Herbs",82.2253799438477,1,"ImpactHub"
"High Rise",95.463924407959,2,"ImpactHub"
"Holding Hands",57.151554107666,1,"ImpactHub"
"Home Decor",69.3812065124512,7,"ImpactHub"
"Honey Bee",97.031551361084,2,"ImpactHub"
"Hot Air Balloon",94.4188385009766,1,"ImpactHub"
"Hot Dog",86.8526153564453,1,"ImpactHub"
"Housing",85.2718276977539,2,"ImpactHub"
"Hug",75.3157730102539,1,"ImpactHub"
"Human",96.1312500594498,77,"ImpactHub"
"Ice",64.6444727579753,3,"ImpactHub"
"Icing",73.9797401428223,2,"ImpactHub"
"Id Cards",98.459114074707,1,"ImpactHub"
"Ikebana",74.1010360717773,1,"ImpactHub"
"Indoors",85.6632431877984,18,"ImpactHub"
"Insect",97.6372032165527,2,"ImpactHub"
"Interior Design",94.2472778320312,5,"ImpactHub"
"Interview",59.1999740600586,1,"ImpactHub"
"Invertebrate",97.6372032165527,2,"ImpactHub"
"Iphone",77.8462219238281,3,"ImpactHub"
"Jacket",78.8423252105713,8,"ImpactHub"
"Jar",87.2487538655599,6,"ImpactHub"
"Jaw",55.2087593078613,1,"ImpactHub"
"Jeans",76.5463611057827,7,"ImpactHub"
"Jewelry",90.1528701782227,1,"ImpactHub"
"Judo",57.4831886291504,1,"ImpactHub"
"Juice",87.7109044392904,3,"ImpactHub"
"Jungle",80.676383972168,1,"ImpactHub"
"Keyboard",96.8968709309896,3,"ImpactHub"
"Knitting",86.5578460693359,1,"ImpactHub"
"Label",80.8657078213162,9,"ImpactHub"
"Lady",58.5504341125488,1,"ImpactHub"
"Land",79.9795684814453,3,"ImpactHub"
"Laptop",88.9764506022135,9,"ImpactHub"
"Latte",92.8194580078125,1,"ImpactHub"
"Laughing",67.6921463012695,1,"ImpactHub"
"LCD Screen",75.2939338684082,2,"ImpactHub"
"Leaf",93.6755243937175,3,"ImpactHub"
"Lecture",81.917724609375,3,"ImpactHub"
"Legend of Zelda",77.7323760986328,1,"ImpactHub"
"Leisure Activities",72.1577021280925,6,"ImpactHub"
"Lemon",72.4382540384928,3,"ImpactHub"
"Letter",56.153980255127,1,"ImpactHub"
"Library",81.1515808105469,1,"ImpactHub"
"License",82.0480194091797,1,"ImpactHub"
"Light",83.6735008239746,5,"ImpactHub"
"Lightbulb",98.4178466796875,1,"ImpactHub"
"Lighting",93.8235168457031,2,"ImpactHub"
"Lime",66.7271347045898,3,"ImpactHub"
"Linen",78.3967933654785,2,"ImpactHub"
"Lobby",70.0914840698242,1,"ImpactHub"
"Lobster",87.282958984375,1,"ImpactHub"
"Lock",57.906364440918,1,"ImpactHub"
"Logo",81.2312080383301,10,"ImpactHub"
"Long Sleeve",84.0736000061035,15,"ImpactHub"
"Lunch",99.6783294677734,1,"ImpactHub"
"Machine",83.8807837168376,6,"ImpactHub"
"Magnifying",75.6596069335938,1,"ImpactHub"
"Mail",78.5312194824219,1,"ImpactHub"
"Man",79.6296226183573,24,"ImpactHub"
"Map",91.1895751953125,3,"ImpactHub"
"Meal",77.6195468902588,8,"ImpactHub"
"Meeting Room",74.7393951416016,1,"ImpactHub"
"Metropolis",75.5144958496094,1,"ImpactHub"
"Microphone",99.7053756713867,1,"ImpactHub"
"Mirror",67.2105560302734,1,"ImpactHub"
"Mobile Phone",91.1826451619466,6,"ImpactHub"
"Modern Art",98.5117340087891,1,"ImpactHub"
"Monitor",79.3874374389648,5,"ImpactHub"
"Motor",99.005744934082,1,"ImpactHub"
"Motorcycle",55.2770576477051,1,"ImpactHub"
"Mountain",61.4265975952148,1,"ImpactHub"
"Mural",71.8152847290039,1,"ImpactHub"
"Musician",81.3144302368164,1,"ImpactHub"
"Nature",84.6147743225098,10,"ImpactHub"
"Necklace",75.2577082316081,3,"ImpactHub"
"Newspaper",57.3153343200684,1,"ImpactHub"
"Night",80.9843292236328,1,"ImpactHub"
"Novel",69.702317237854,4,"ImpactHub"
"Number",80.1345428466797,10,"ImpactHub"
"Oatmeal",59.8946304321289,1,"ImpactHub"
"Office Building",71.6415100097656,1,"ImpactHub"
"Orange",57.6915798187256,2,"ImpactHub"
"Orange Juice",99.3005599975586,1,"ImpactHub"
"Origami",88.8738822937012,2,"ImpactHub"
"Ornament",94.9562911987305,2,"ImpactHub"
"Outdoors",83.2367012500763,16,"ImpactHub"
"Outer Space",84.4005889892578,1,"ImpactHub"
"Overcoat",74.6858415603638,4,"ImpactHub"
"Package Delivery",75.0087757110596,2,"ImpactHub"
"Page",76.1988042195638,6,"ImpactHub"
"Painting",93.9464111328125,1,"ImpactHub"
"Pants",81.8297493878533,17,"ImpactHub"
"Paper",73.5612458315763,22,"ImpactHub"
"Paper Towel",67.1412506103516,1,"ImpactHub"
"Parade",92.5933532714844,1,"ImpactHub"
"Parsley",82.9100494384766,2,"ImpactHub"
"Party",79.3338088989258,1,"ImpactHub"
"Passport",83.3067836761475,4,"ImpactHub"
"Pastry",76.9773712158203,1,"ImpactHub"
"Path",94.2852630615234,1,"ImpactHub"
"Pattern",70.4443372090658,6,"ImpactHub"
"Pc",96.3567929949079,7,"ImpactHub"
"Pear",81.1934204101562,1,"ImpactHub"
"Pen",98.1715621948242,1,"ImpactHub"
"Pencil",72.0603351593018,2,"ImpactHub"
"People",73.1892568800184,45,"ImpactHub"
"Performer",55.3622016906738,1,"ImpactHub"
"Person",97.241879546124,184,"ImpactHub"
"Petal",80.6499109268188,4,"ImpactHub"
"Phone",91.9343536376953,5,"ImpactHub"
"Photo",62.2969245910645,8,"ImpactHub"
"Photography",65.507490963406,45,"ImpactHub"
"Pie",59.0578346252441,1,"ImpactHub"
"Pillow",88.5305976867676,2,"ImpactHub"
"Pine",96.0218200683594,1,"ImpactHub"
"Plan",81.6309967041016,1,"ImpactHub"
"Planet",65.6987380981445,1,"ImpactHub"
"Plant",87.8033550262451,40,"ImpactHub"
"Planter",89.60546875,2,"ImpactHub"
"Plastic",58.4465446472168,1,"ImpactHub"
"Plot",71.3497417449951,10,"ImpactHub"
"Plug",62.8221778869629,1,"ImpactHub"
"Plywood",59.3584251403809,1,"ImpactHub"
"Pollen",59.1151371002197,2,"ImpactHub"
"Pomelo",57.7515563964844,1,"ImpactHub"
"Porcelain",70.4436721801758,2,"ImpactHub"
"Portrait",66.3188733493581,34,"ImpactHub"
"Poster",66.2666873931885,6,"ImpactHub"
"Potted Plant",78.7059516906738,4,"ImpactHub"
"Pottery",87.8540557861328,5,"ImpactHub"
"Prayer",59.3151588439941,1,"ImpactHub"
"Press Conference",68.7943433125814,3,"ImpactHub"
"Produce",85.7214520772298,6,"ImpactHub"
"Protest",90.1490859985352,1,"ImpactHub"
"Purple",75.9226837158203,1,"ImpactHub"
"Raincoat",59.6593170166016,1,"ImpactHub"
"Raspberry",98.1558151245117,1,"ImpactHub"
"Reading",93.5923919677734,3,"ImpactHub"
"Reception",97.4005813598633,1,"ImpactHub"
"Reception Desk",93.0523452758789,1,"ImpactHub"
"Red Wine",89.5852457682292,3,"ImpactHub"
"Restaurant",78.1183464050293,5,"ImpactHub"
"Ring",90.1528701782227,1,"ImpactHub"
"Road",73.8932342529297,1,"ImpactHub"
"Robe",92.5270919799805,1,"ImpactHub"
"Robot",85.840202331543,1,"ImpactHub"
"Room",80.6475009918213,16,"ImpactHub"
"Rug",88.6271896362305,2,"ImpactHub"
"Running Shoe",72.635669708252,2,"ImpactHub"
"Rural",64.2848587036133,1,"ImpactHub"
"Scale",58.3062210083008,1,"ImpactHub"
"Scarf",77.2280960083008,1,"ImpactHub"
"School",92.9144706726074,4,"ImpactHub"
"Scissors",74.3185501098633,2,"ImpactHub"
"Scoreboard",78.4016952514648,1,"ImpactHub"
"Screen",74.4552268981934,6,"ImpactHub"
"Sculpture",99.9010848999023,1,"ImpactHub"
"Sea",79.7827606201172,1,"ImpactHub"
"Sea Life",85.1975631713867,2,"ImpactHub"
"Seafood",87.282958984375,1,"ImpactHub"
"Seasoning",65.2598648071289,1,"ImpactHub"
"Selfie",61.4162445068359,2,"ImpactHub"
"Seminar",87.4193954467773,1,"ImpactHub"
"Senior Citizen",67.3081207275391,1,"ImpactHub"
"Sesame",65.2598648071289,1,"ImpactHub"
"Sewing",89.9068984985352,1,"ImpactHub"
"Sewing Machine",62.7138710021973,1,"ImpactHub"
"Shelf",67.5113754272461,2,"ImpactHub"
"Shirt",88.1461132594517,7,"ImpactHub"
"Shoe",88.9730884552002,10,"ImpactHub"
"Shoe Shop",56.760612487793,1,"ImpactHub"
"Shop",64.5051975250244,2,"ImpactHub"
"Shorts",57.1933631896973,1,"ImpactHub"
"Sign",58.9347743988037,2,"ImpactHub"
"Signature",68.8765487670898,4,"ImpactHub"
"Silhouette",65.914680480957,1,"ImpactHub"
"Sitting",87.7546717325846,6,"ImpactHub"
"Sketch",81.6333770751953,1,"ImpactHub"
"Skin",68.9830671946208,12,"ImpactHub"
"Sleeve",85.0093385104475,29,"ImpactHub"
"Sliced",98.9890060424805,1,"ImpactHub"
"Smile",79.2808377192571,13,"ImpactHub"
"Sneaker",85.2223091125488,2,"ImpactHub"
"Snow",68.628662109375,2,"ImpactHub"
"Soil",85.8783950805664,1,"ImpactHub"
"Space",84.4005889892578,1,"ImpactHub"
"Speech",81.917724609375,3,"ImpactHub"
"Spoke",95.0556411743164,1,"ImpactHub"
"Sport",73.7994117736816,2,"ImpactHub"
"Squash",97.5911026000977,1,"ImpactHub"
"Stain",71.9818216959635,3,"ImpactHub"
"Standing",56.6403141021729,2,"ImpactHub"
"Statue",99.9010848999023,1,"ImpactHub"
"Stencil",96.3521881103516,1,"ImpactHub"
"Sticker",88.6103744506836,1,"ImpactHub"
"Stocking",67.4267578125,1,"ImpactHub"
"Strap",77.9802780151367,1,"ImpactHub"
"Strawberry",96.1454162597656,1,"ImpactHub"
"Student",65.589898109436,4,"ImpactHub"
"Studio",99.8865814208984,1,"ImpactHub"
"Suit",76.9923643632369,11,"ImpactHub"
"Sunflower",95.5479202270508,1,"ImpactHub"
"Sunglasses",67.9894440968831,6,"ImpactHub"
"Sunlight",80.6907958984375,2,"ImpactHub"
"Sweater",84.0187568664551,10,"ImpactHub"
"Sweatshirt",62.6340484619141,1,"ImpactHub"
"Sweets",83.6295562744141,5,"ImpactHub"
"Switch",77.5456771850586,1,"ImpactHub"
"Symbol",78.3289267498514,23,"ImpactHub"
"T-Shirt",67.237735748291,2,"ImpactHub"
"Table",85.856454372406,8,"ImpactHub"
"Tablecloth",81.3358459472656,1,"ImpactHub"
"Tablet Computer",85.2040812174479,3,"ImpactHub"
"Tabletop",89.6519317626953,3,"ImpactHub"
"Tape",58.7055358886719,3,"ImpactHub"
"Tar",63.4760818481445,2,"ImpactHub"
"Teacher",84.4429054260254,4,"ImpactHub"
"Teen",86.1331990559896,3,"ImpactHub"
"Television",99.299072265625,1,"ImpactHub"
"Text",81.5610028708853,82,"ImpactHub"
"Texture",58.603702545166,1,"ImpactHub"
"Theater",65.2300415039062,1,"ImpactHub"
"Thumbs Up",57.1301155090332,2,"ImpactHub"
"Tie",80.3288192749023,1,"ImpactHub"
"Tin",87.9019165039062,1,"ImpactHub"
"Tire",67.5335083007812,1,"ImpactHub"
"Tissue",58.9132995605469,1,"ImpactHub"
"Tool",56.5376777648926,1,"ImpactHub"
"Towel",80.3255882263184,2,"ImpactHub"
"Tower",62.0901641845703,1,"ImpactHub"
"Toy",77.5864276885986,2,"ImpactHub"
"Trademark",79.4774141311646,8,"ImpactHub"
"Transportation",88.9601712908064,7,"ImpactHub"
"Trash",55.4142684936523,1,"ImpactHub"
"Trash Can",87.9019165039062,1,"ImpactHub"
"Tree",85.2310729026794,8,"ImpactHub"
"Tripod",56.9745750427246,1,"ImpactHub"
"Turbine",92.964225769043,1,"ImpactHub"
"TV",99.299072265625,1,"ImpactHub"
"Underwear",56.7642097473145,1,"ImpactHub"
"Universe",84.4005889892578,1,"ImpactHub"
"Urban",95.7679214477539,2,"ImpactHub"
"Vase",87.4569122314453,5,"ImpactHub"
"Vegetable",88.2824325561523,5,"ImpactHub"
"Vegetation",90.1290397644043,4,"ImpactHub"
"Vehicle",88.915170942034,7,"ImpactHub"
"Wall",67.9849185943604,4,"ImpactHub"
"Water",70.6970443725586,1,"ImpactHub"
"Weapon",71.8832931518555,2,"ImpactHub"
"Weaponry",71.8832931518555,2,"ImpactHub"
"Wheel",95.7645874023438,3,"ImpactHub"
"White Board",76.7006620407105,20,"ImpactHub"
"Wind Turbine",85.835693359375,1,"ImpactHub"
"Wine",92.6073201497396,3,"ImpactHub"
"Wine Glass",88.5082244873047,2,"ImpactHub"
"Woman",77.1246475397154,43,"ImpactHub"
"Wood",83.6549263000488,7,"ImpactHub"
"Woodland",99.9981460571289,1,"ImpactHub"
"Word",75.502628326416,19,"ImpactHub"
"Working Out",74.944580078125,1,"ImpactHub"
"Workshop",78.1748474121094,5,"ImpactHub"
"Worship",59.3151588439941,1,"ImpactHub"
"Wrist",76.1077243804932,10,"ImpactHub"
"Wristwatch",94.1576080322266,1,"ImpactHub"
"Yard",89.8287200927734,1,"ImpactHub"
"Zucchini",81.9473342895508,1,"ImpactHub"
"Accessories",70.8965749740601,4,"INiTS"
"Accessory",70.6203708648682,2,"INiTS"
"Adventure",93.9852676391602,1,"INiTS"
"Advertisement",84.1198970249721,7,"INiTS"
"Aircraft",96.0735473632812,1,"INiTS"
"Airplane",96.0735473632812,1,"INiTS"
"Alcohol",92.3117523193359,1,"INiTS"
"Animal",78.6421051025391,1,"INiTS"
"Apparel",74.5883054733276,4,"INiTS"
"Apple",99.2586822509766,1,"INiTS"
"Art",77.5607604980469,2,"INiTS"
"Audience",70.7367219924927,4,"INiTS"
"Beard",58.4060554504395,1,"INiTS"
"Beverage",92.3117523193359,1,"INiTS"
"Bird",78.6421051025391,1,"INiTS"
"Blazer",88.8827819824219,1,"INiTS"
"Blonde",75.2079486846924,2,"INiTS"
"Book",61.0919227600098,3,"INiTS"
"Bottle",74.2241897583008,1,"INiTS"
"Bowl",91.2834396362305,1,"INiTS"
"Box",59.9777450561523,1,"INiTS"
"Boy",83.0344314575195,1,"INiTS"
"Brochure",94.2041549682617,4,"INiTS"
"Building",90.1591796875,2,"INiTS"
"Cafe",64.8915481567383,1,"INiTS"
"Cafeteria",80.4427185058594,2,"INiTS"
"Camera",78.7486267089844,2,"INiTS"
"Cardboard",59.9777450561523,1,"INiTS"
"Carton",59.9777450561523,1,"INiTS"
"Chair",91.3821411132812,4,"INiTS"
"Chess",69.3429641723633,1,"INiTS"
"Clothing",84.6235607147217,10,"INiTS"
"Coat",96.2704620361328,3,"INiTS"
"Coffee Table",55.1552772521973,1,"INiTS"
"College",56.9260368347168,1,"INiTS"
"Computer",87.0881131490072,3,"INiTS"
"Computer Keyboard",90.0089314778646,3,"INiTS"
"Couch",77.3244609832764,2,"INiTS"
"Court",84.2557220458984,1,"INiTS"
"Crowd",90.0720269339425,7,"INiTS"
"Dating",94.0206680297852,1,"INiTS"
"Desk",77.5480880737305,1,"INiTS"
"Diagram",63.0964393615723,2,"INiTS"
"Display",82.8238906860352,1,"INiTS"
"Document",95.6249171665737,7,"INiTS"
"Driving License",61.7073383331299,2,"INiTS"
"Electronics",82.9521156946818,12,"INiTS"
"Face",76.3419677734375,15,"INiTS"
"Factory",78.971549987793,2,"INiTS"
"Family",59.0461959838867,1,"INiTS"
"Female",67.0550352732341,6,"INiTS"
"First Aid",62.6191158294678,2,"INiTS"
"Flyer",83.2838954925537,6,"INiTS"
"Food",86.6823310852051,2,"INiTS"
"Footwear",56.0256080627441,1,"INiTS"
"Fruit",99.2586822509766,1,"INiTS"
"Furniture",81.6493401527405,8,"INiTS"
"Game",67.4592514038086,2,"INiTS"
"Girl",60.5551109313965,1,"INiTS"
"Glass",95.1711120605469,1,"INiTS"
"Glasses",75.4496994018555,3,"INiTS"
"Glider",66.5150527954102,1,"INiTS"
"Graphics",77.5607604980469,2,"INiTS"
"Hardware",98.6588821411133,1,"INiTS"
"Head",77.1521437508719,7,"INiTS"
"Home Decor",85.1969528198242,1,"INiTS"
"Human",99.5203186035156,10,"INiTS"
"Id Cards",95.6249171665737,7,"INiTS"
"Indoors",88.7181884765625,5,"INiTS"
"Jacket",88.8827819824219,1,"INiTS"
"Jeans",82.9304529825846,3,"INiTS"
"Jet",88.1775512695312,1,"INiTS"
"Judge",69.2577056884766,1,"INiTS"
"Keyboard",98.6588821411133,1,"INiTS"
"Kid",56.6765403747559,1,"INiTS"
"Lab Coat",85.5160522460938,1,"INiTS"
"Label",80.1110865275065,3,"INiTS"
"Land",56.3636245727539,1,"INiTS"
"Laptop",85.7204793294271,6,"INiTS"
"LCD Screen",73.9884948730469,4,"INiTS"
"Light",70.216423034668,1,"INiTS"
"Lighting",81.9897537231445,1,"INiTS"
"Logo",91.5965132713318,16,"INiTS"
"Long Sleeve",94.9371795654297,1,"INiTS"
"Magazine",56.1816902160645,1,"INiTS"
"Man",72.7040634155273,2,"INiTS"
"Manufacturing",59.5577926635742,1,"INiTS"
"Microphone",99.7483749389648,1,"INiTS"
"Monitor",82.6719098772321,7,"INiTS"
"Mountain",60.4432830810547,1,"INiTS"
"Nature",74.8285280863444,3,"INiTS"
"Novel",55.9078025817871,1,"INiTS"
"Number",67.9948959350586,2,"INiTS"
"Nurse",74.5597763061523,1,"INiTS"
"Office",88.2643966674805,1,"INiTS"
"Outdoors",73.3609860738118,3,"INiTS"
"Page",67.1671485900879,4,"INiTS"
"Pants",92.6190452575684,4,"INiTS"
"Paper",82.5453518458775,7,"INiTS"
"Pc",99.774658203125,2,"INiTS"
"People",71.1951120549982,11,"INiTS"
"Person",98.9707763671875,30,"INiTS"
"Photography",63.5652128855387,6,"INiTS"
"Plant",80.6979827880859,4,"INiTS"
"Plot",83.4249992370605,2,"INiTS"
"Portrait",62.0435012817383,5,"INiTS"
"Postal Office",75.1628036499023,1,"INiTS"
"Poster",85.9127985636393,6,"INiTS"
"Pottery",62.9546165466309,1,"INiTS"
"Press Conference",84.9590708414714,3,"INiTS"
"Produce",74.1059799194336,1,"INiTS"
"Red Wine",72.6801605224609,1,"INiTS"
"Restaurant",91.5562400817871,2,"INiTS"
"Room",82.8121846516927,3,"INiTS"
"Rubber Eraser",68.4163436889648,1,"INiTS"
"School",76.1556777954102,2,"INiTS"
"Screen",80.3198466300964,8,"INiTS"
"Shirt",72.6947708129883,1,"INiTS"
"Shoe",89.7192255655925,3,"INiTS"
"Sitting",96.3992099761963,4,"INiTS"
"Sleeve",94.9371795654297,1,"INiTS"
"Smile",70.2765884399414,1,"INiTS"
"Speech",56.3440132141113,1,"INiTS"
"Sphere",95.2922134399414,1,"INiTS"
"Student",87.5252685546875,1,"INiTS"
"Studio",86.6789894104004,2,"INiTS"
"Suit",92.3075230916341,3,"INiTS"
"Sunglasses",72.3095448811849,3,"INiTS"
"Symbol",88.8919268714057,18,"INiTS"
"Table",73.9318186442057,3,"INiTS"
"Tablecloth",83.3118133544922,1,"INiTS"
"Tabletop",77.1687469482422,1,"INiTS"
"Tape",81.3328895568848,2,"INiTS"
"Text",82.0875930786133,31,"INiTS"
"Texture",56.507251739502,1,"INiTS"
"Trademark",91.5965132713318,16,"INiTS"
"Transportation",84.3122367858887,2,"INiTS"
"Tripod",92.1507034301758,1,"INiTS"
"TV",65.9165573120117,1,"INiTS"
"Vehicle",84.3122367858887,2,"INiTS"
"Video Camera",61.2809753417969,2,"INiTS"
"Video Gaming",70.1371472676595,3,"INiTS"
"White",56.507251739502,1,"INiTS"
"White Board",82.2274703979492,1,"INiTS"
"Window",63.3516960144043,1,"INiTS"
"Wine",88.2498474121094,1,"INiTS"
"Word",63.5777053833008,3,"INiTS"
"Worker",62.9214134216309,1,"INiTS"
"Workshop",72.123291015625,3,"INiTS"
"Advertisement",68.8155097961426,8,"MatchMakerVentures"
"Alphabet",70.5016428629557,3,"MatchMakerVentures"
"Apartment Building",79.134521484375,1,"MatchMakerVentures"
"Apparel",62.9743057250977,5,"MatchMakerVentures"
"Architecture",73.9588928222656,1,"MatchMakerVentures"
"Audience",92.622678120931,3,"MatchMakerVentures"
"Blazer",69.4320449829102,1,"MatchMakerVentures"
"Book",94.2107009887695,1,"MatchMakerVentures"
"Bookcase",65.1723556518555,1,"MatchMakerVentures"
"Boy",81.1684951782227,1,"MatchMakerVentures"
"Brick",90.304328918457,1,"MatchMakerVentures"
"Brochure",71.692406463623,5,"MatchMakerVentures"
"Building",76.518705368042,2,"MatchMakerVentures"
"Business Card",69.4967575073242,2,"MatchMakerVentures"
"Cell Phone",72.0592269897461,1,"MatchMakerVentures"
"Christmas Tree",62.8968887329102,1,"MatchMakerVentures"
"City",80.530574798584,2,"MatchMakerVentures"
"Classroom",90.9597651163737,3,"MatchMakerVentures"
"Clothing",73.3770172119141,10,"MatchMakerVentures"
"Coat",69.4320449829102,1,"MatchMakerVentures"
"College",91.8729858398438,1,"MatchMakerVentures"
"Computer",68.4289919535319,3,"MatchMakerVentures"
"Computer Hardware",56.8455619812012,1,"MatchMakerVentures"
"Computer Keyboard",56.8455619812012,1,"MatchMakerVentures"
"Crowd",90.6320400238037,4,"MatchMakerVentures"
"Dating",88.5212745666504,2,"MatchMakerVentures"
"Diary",56.6832122802734,1,"MatchMakerVentures"
"Document",78.9143473307292,3,"MatchMakerVentures"
"Door",57.5142707824707,1,"MatchMakerVentures"
"Driving License",81.1436920166016,2,"MatchMakerVentures"
"Electronics",78.1431399754116,7,"MatchMakerVentures"
"Face",81.8863863945007,8,"MatchMakerVentures"
"Family",74.6832504272461,1,"MatchMakerVentures"
"Female",66.8418403625488,5,"MatchMakerVentures"
"Flower",58.1192054748535,1,"MatchMakerVentures"
"Flyer",69.1214637756348,6,"MatchMakerVentures"
"Food",72.7598190307617,1,"MatchMakerVentures"
"Furniture",74.0227012634277,2,"MatchMakerVentures"
"Girl",55.5816421508789,1,"MatchMakerVentures"
"Graduation",86.1209259033203,1,"MatchMakerVentures"
"Hand",69.8339564005534,3,"MatchMakerVentures"
"Hardware",56.8455619812012,1,"MatchMakerVentures"
"High Rise",95.7903900146484,1,"MatchMakerVentures"
"Housing",68.8095645904541,2,"MatchMakerVentures"
"Human",95.1090965270996,8,"MatchMakerVentures"
"Id Cards",64.6740328470866,3,"MatchMakerVentures"
"Indoors",86.8057458060128,7,"MatchMakerVentures"
"Interior Design",96.1464920043945,1,"MatchMakerVentures"
"Jar",59.7374973297119,2,"MatchMakerVentures"
"Keyboard",72.8506546020508,1,"MatchMakerVentures"
"Label",82.6194744110107,4,"MatchMakerVentures"
"Laughing",57.793140411377,1,"MatchMakerVentures"
"Lecture",81.5680491129557,3,"MatchMakerVentures"
"Library",94.2107009887695,1,"MatchMakerVentures"
"License",91.3961029052734,1,"MatchMakerVentures"
"Light",90.5234909057617,1,"MatchMakerVentures"
"Logo",66.6709494590759,8,"MatchMakerVentures"
"Man",78.559336344401,3,"MatchMakerVentures"
"Metropolis",85.5384750366211,1,"MatchMakerVentures"
"Mobile Phone",71.1061375935872,3,"MatchMakerVentures"
"Nature",72.4464874267578,1,"MatchMakerVentures"
"Neighborhood",84.3483276367188,1,"MatchMakerVentures"
"Neon",70.2993087768555,1,"MatchMakerVentures"
"Number",68.1820415920681,9,"MatchMakerVentures"
"Office Building",57.8828659057617,1,"MatchMakerVentures"
"Ornament",85.8659362792969,1,"MatchMakerVentures"
"Outdoors",66.2113800048828,2,"MatchMakerVentures"
"Pac Man",77.9689903259277,3,"MatchMakerVentures"
"Page",59.2402496337891,2,"MatchMakerVentures"
"Paper",69.5901174545288,16,"MatchMakerVentures"
"Pc",55.9513626098633,2,"MatchMakerVentures"
"People",78.1088091532389,6,"MatchMakerVentures"
"Performer",83.9925842285156,1,"MatchMakerVentures"
"Person",97.2632236480713,16,"MatchMakerVentures"
"Phone",80.7653961181641,3,"MatchMakerVentures"
"Phone Booth",72.182731628418,1,"MatchMakerVentures"
"Photo",61.5257987976074,1,"MatchMakerVentures"
"Photo Booth",68.2087020874023,1,"MatchMakerVentures"
"Photography",68.5851580301921,3,"MatchMakerVentures"
"Plant",75.6465072631836,4,"MatchMakerVentures"
"Pollen",56.2042770385742,1,"MatchMakerVentures"
"Portrait",72.1148376464844,2,"MatchMakerVentures"
"Poster",69.6786242893764,7,"MatchMakerVentures"
"Potted Plant",61.265022277832,1,"MatchMakerVentures"
"Pottery",61.265022277832,1,"MatchMakerVentures"
"Robot",92.2969741821289,1,"MatchMakerVentures"
"Room",94.564924621582,5,"MatchMakerVentures"
"School",98.0919380187988,2,"MatchMakerVentures"
"Screen",75.2891464233398,1,"MatchMakerVentures"
"Seminar",81.4790153503418,2,"MatchMakerVentures"
"Shelf",58.4035110473633,1,"MatchMakerVentures"
"Shirt",74.7386169433594,1,"MatchMakerVentures"
"Sitting",75.5774936676025,2,"MatchMakerVentures"
"Skin",78.8904800415039,1,"MatchMakerVentures"
"Smile",81.3202095031738,2,"MatchMakerVentures"
"Speech",89.3900566101074,2,"MatchMakerVentures"
"Sticker",59.992301940918,1,"MatchMakerVentures"
"Super Mario",71.8641128540039,1,"MatchMakerVentures"
"Sweater",78.4759368896484,1,"MatchMakerVentures"
"Symbol",72.0462684631348,11,"MatchMakerVentures"
"Table",63.7684326171875,1,"MatchMakerVentures"
"Teacher",55.3273735046387,1,"MatchMakerVentures"
"Text",88.5068576954029,27,"MatchMakerVentures"
"Toy",89.2196197509766,1,"MatchMakerVentures"
"Trademark",64.9664094107492,7,"MatchMakerVentures"
"Tree",98.8760604858398,1,"MatchMakerVentures"
"Urban",90.389778137207,2,"MatchMakerVentures"
"Vase",61.265022277832,1,"MatchMakerVentures"
"Wall",87.3191604614258,1,"MatchMakerVentures"
"Word",71.4718170166016,5,"MatchMakerVentures"
"Advertisement",60.2651252746582,1,"Tech2Impact"
"Alphabet",67.7232513427734,1,"Tech2Impact"
"Apparel",79.8569412231445,2,"Tech2Impact"
"Art",70.9444122314453,1,"Tech2Impact"
"Audience",99.3801803588867,1,"Tech2Impact"
"Blazer",97.7162170410156,1,"Tech2Impact"
"Blonde",77.3593521118164,1,"Tech2Impact"
"Clothing",86.3715991973877,4,"Tech2Impact"
"Coat",80.3541208902995,3,"Tech2Impact"
"Computer",98.8573379516602,1,"Tech2Impact"
"Computer Keyboard",98.4502258300781,1,"Tech2Impact"
"Crowd",99.3801803588867,1,"Tech2Impact"
"Dating",73.3055038452148,1,"Tech2Impact"
"Dimples",69.2823333740234,1,"Tech2Impact"
"Electronics",98.8573379516602,1,"Tech2Impact"
"Engine",63.7004280090332,1,"Tech2Impact"
"Face",81.3842544555664,3,"Tech2Impact"
"Female",77.7563858032227,2,"Tech2Impact"
"Graphics",70.9444122314453,1,"Tech2Impact"
"Hair",66.7216873168945,1,"Tech2Impact"
"Hand",64.5286540985107,2,"Tech2Impact"
"Head",63.6429176330566,1,"Tech2Impact"
"Human",97.8539072672526,3,"Tech2Impact"
"Jacket",92.5535469055176,2,"Tech2Impact"
"Keyboard",98.4502258300781,1,"Tech2Impact"
"Lab",81.8120422363281,1,"Tech2Impact"
"Laptop",96.7999420166016,1,"Tech2Impact"
"LCD Screen",61.0188751220703,1,"Tech2Impact"
"Lecture",82.4065628051758,1,"Tech2Impact"
"Machine",80.6210708618164,1,"Tech2Impact"
"Man",90.982177734375,2,"Tech2Impact"
"Monitor",61.0188751220703,1,"Tech2Impact"
"Motor",63.7004280090332,1,"Tech2Impact"
"Number",92.434455871582,1,"Tech2Impact"
"Paper",65.0539093017578,1,"Tech2Impact"
"Pc",98.8573379516602,1,"Tech2Impact"
"Person",97.8799200057983,8,"Tech2Impact"
"Photography",68.5795516967773,1,"Tech2Impact"
"Portrait",60.4961013793945,1,"Tech2Impact"
"Poster",56.0798377990723,1,"Tech2Impact"
"Press Conference",56.9645042419434,1,"Tech2Impact"
"Scientist",99.9717178344727,1,"Tech2Impact"
"Seminar",55.5414390563965,1,"Tech2Impact"
"Sleeve",55.9825057983398,1,"Tech2Impact"
"Speech",95.0086975097656,1,"Tech2Impact"
"Sphere",67.2541961669922,1,"Tech2Impact"
"Suit",70.2092208862305,1,"Tech2Impact"
"Sweater",96.2328643798828,1,"Tech2Impact"
"Sweatshirt",89.2419204711914,1,"Tech2Impact"
"Symbol",92.434455871582,1,"Tech2Impact"
"Text",82.6446876525879,2,"Tech2Impact"
"Wheel",69.2508316040039,1,"Tech2Impact"
"Woman",82.174201965332,1,"Tech2Impact"
"Wristwatch",90.103759765625,1,"Tech2Impact"
"Adapter",71.8567733764648,1,"TheVentury"
"Adventure",85.370475769043,1,"TheVentury"
"Advertisement",93.8236592610677,3,"TheVentury"
"Aerial View",81.6713600158691,2,"TheVentury"
"Aircraft",97.1375503540039,1,"TheVentury"
"Airliner",79.1732864379883,1,"TheVentury"
"Apparel",87.4393482208252,4,"TheVentury"
"Architecture",96.1852722167969,3,"TheVentury"
"Arm",55.6250267028809,1,"TheVentury"
"Art",74.6094589233398,1,"TheVentury"
"Audience",84.4926023483276,8,"TheVentury"
"Azure Sky",89.2455139160156,1,"TheVentury"
"Bazaar",55.2629318237305,1,"TheVentury"
"Blazer",72.6149978637695,1,"TheVentury"
"Blonde",59.1650199890137,1,"TheVentury"
"Book",98.0732650756836,2,"TheVentury"
"Building",99.4186897277832,4,"TheVentury"
"Camera",58.2589314778646,3,"TheVentury"
"Cell Phone",90.5739822387695,2,"TheVentury"
"City",99.3609237670898,5,"TheVentury"
"Classroom",83.9259567260742,4,"TheVentury"
"Clothing",90.0614064534505,12,"TheVentury"
"Club",83.5384292602539,1,"TheVentury"
"Coat",77.3262329101562,1,"TheVentury"
"Collage",98.8834762573242,2,"TheVentury"
"Computer",81.3258137702942,8,"TheVentury"
"Computer Hardware",58.7199363708496,2,"TheVentury"
"Concert",65.2721862792969,1,"TheVentury"
"Costume",64.7592163085938,1,"TheVentury"
"Couch",97.4741516113281,1,"TheVentury"
"Crowd",86.3125370250029,17,"TheVentury"
"Dating",76.0156173706055,6,"TheVentury"
"Desktop",63.7119941711426,2,"TheVentury"
"Disco",61.2332458496094,1,"TheVentury"
"Disk",66.8374710083008,1,"TheVentury"
"Display",97.9058837890625,2,"TheVentury"
"Document",58.3984603881836,2,"TheVentury"
"Downtown",89.643949508667,4,"TheVentury"
"Dress",71.8733444213867,2,"TheVentury"
"Driving License",60.3852806091309,1,"TheVentury"
"Electrical Device",67.6838455200195,1,"TheVentury"
"Electronics",82.7241165524437,21,"TheVentury"
"Evening Dress",78.5397109985352,1,"TheVentury"
"Face",77.7587594985962,8,"TheVentury"
"Fashion",78.5397109985352,1,"TheVentury"
"Female",67.5687187194824,10,"TheVentury"
"Festival",96.7578964233398,1,"TheVentury"
"Flight",97.1375503540039,1,"TheVentury"
"Flyer",72.0496215820312,1,"TheVentury"
"Fractal",89.4072875976562,1,"TheVentury"
"Furniture",79.0108814239502,2,"TheVentury"
"Girl",61.7468249003092,3,"TheVentury"
"Green",78.7422027587891,1,"TheVentury"
"Hair",81.7556228637695,2,"TheVentury"
"Haircut",59.9791641235352,1,"TheVentury"
"Hand",58.0572929382324,1,"TheVentury"
"Hand-Held Computer",57.3713798522949,1,"TheVentury"
"Handwriting",88.8436889648438,1,"TheVentury"
"Harbor",95.4417343139648,1,"TheVentury"
"Hardware",57.9685649871826,4,"TheVentury"
"Head",92.6562080383301,4,"TheVentury"
"Helmet",99.1484985351562,1,"TheVentury"
"High Rise",99.5937118530273,2,"TheVentury"
"Home Decor",57.1204948425293,2,"TheVentury"
"Housing",67.7307510375977,1,"TheVentury"
"Human",97.2409776051839,12,"TheVentury"
"Indoors",83.1817921725186,11,"TheVentury"
"Interior Design",60.8333320617676,1,"TheVentury"
"Interview",64.3739852905273,2,"TheVentury"
"Iphone",92.4989166259766,1,"TheVentury"
"Jacket",72.6149978637695,1,"TheVentury"
"Jeans",71.5066477457682,3,"TheVentury"
"Keyboard",62.146125793457,2,"TheVentury"
"Lab",67.0144729614258,1,"TheVentury"
"Lady",58.6341552734375,1,"TheVentury"
"Landscape",97.9849510192871,6,"TheVentury"
"Laptop",94.5594329833984,2,"TheVentury"
"LCD Screen",87.4231338500977,2,"TheVentury"
"Lecture",80.2346973419189,4,"TheVentury"
"Leisure Activities",66.4984893798828,1,"TheVentury"
"Lens Cap",55.409553527832,2,"TheVentury"
"License",60.3852806091309,1,"TheVentury"
"Light",88.2785224914551,2,"TheVentury"
"Lighting",81.0489145914714,6,"TheVentury"
"Machine",66.7683029174805,2,"TheVentury"
"Man",79.8313967386882,6,"TheVentury"
"Meeting Room",95.7597579956055,1,"TheVentury"
"Metropolis",95.8092956542969,5,"TheVentury"
"Mobile Phone",90.5739822387695,2,"TheVentury"
"Modern Art",61.1192855834961,1,"TheVentury"
"Monitor",84.3576583862305,6,"TheVentury"
"Motor",57.8598823547363,2,"TheVentury"
"Music Band",55.8792419433594,1,"TheVentury"
"Musician",64.1093673706055,1,"TheVentury"
"Nature",97.2510635375977,5,"TheVentury"
"Neon",89.6131439208984,1,"TheVentury"
"Night Club",78.7858276367188,1,"TheVentury"
"Night Life",98.7221857706706,3,"TheVentury"
"Novel",86.7351989746094,1,"TheVentury"
"Office",83.7452239990234,2,"TheVentury"
"Ornament",90.752082824707,1,"TheVentury"
"Outdoors",86.2370234898159,7,"TheVentury"
"Pac Man",65.5544815063477,1,"TheVentury"
"Page",71.0850677490234,1,"TheVentury"
"Panoramic",99.2132446289063,5,"TheVentury"
"Pants",76.7759971618652,6,"TheVentury"
"Paper",72.4603500366211,3,"TheVentury"
"Pattern",97.9951171875,1,"TheVentury"
"Pc",77.288330078125,4,"TheVentury"
"People",77.0534703390939,14,"TheVentury"
"Performer",63.1993103027344,2,"TheVentury"
"Person",98.426404392018,34,"TheVentury"
"Phone",78.8345546722412,4,"TheVentury"
"Photography",60.7469062805176,3,"TheVentury"
"Plant",70.8227233886719,1,"TheVentury"
"Portrait",63.0279121398926,1,"TheVentury"
"Poster",93.5564270019531,3,"TheVentury"
"Press Conference",90.3338928222656,1,"TheVentury"
"Purple",59.2171287536621,1,"TheVentury"
"Robot",74.1343688964844,3,"TheVentury"
"Room",82.4812030792236,8,"TheVentury"
"Rubber Eraser",57.553279876709,2,"TheVentury"
"Safe",56.4840316772461,3,"TheVentury"
"Scenery",98.7055854797363,6,"TheVentury"
"School",80.0497541427612,4,"TheVentury"
"Scoreboard",64.0054702758789,1,"TheVentury"
"Screen",79.8627996444702,8,"TheVentury"
"Security",59.5232009887695,1,"TheVentury"
"Seminar",79.0240987141927,3,"TheVentury"
"Shirt",68.4373092651367,1,"TheVentury"
"Shop",73.1548309326172,1,"TheVentury"
"Sitting",74.4255084991455,6,"TheVentury"
"Skin",74.2122014363607,3,"TheVentury"
"Sky",88.6200256347656,2,"TheVentury"
"Skyscraper",86.2051086425781,1,"TheVentury"
"Sleeve",75.8637847900391,2,"TheVentury"
"Speech",83.1277669270833,3,"TheVentury"
"Stage",87.5719350179036,3,"TheVentury"
"Standing",72.7716655731201,4,"TheVentury"
"Student",61.7744522094727,3,"TheVentury"
"Studio",68.6136093139648,1,"TheVentury"
"Suit",56.8709831237793,1,"TheVentury"
"Sunrise",83.6234741210938,1,"TheVentury"
"Surface Computer",58.4687423706055,1,"TheVentury"
"Sweater",81.3032150268555,2,"TheVentury"
"Sweatshirt",57.5995903015137,1,"TheVentury"
"Symbol",57.9640464782715,1,"TheVentury"
"Table",55.3109283447266,1,"TheVentury"
"Tablet Computer",98.3260192871094,1,"TheVentury"
"Team",61.4262771606445,1,"TheVentury"
"Teen",58.2353477478027,1,"TheVentury"
"Text",75.634987894694,15,"TheVentury"
"Theater",59.4809303283691,1,"TheVentury"
"Tool",72.7553100585938,1,"TheVentury"
"Tourist",86.8084182739258,1,"TheVentury"
"Transportation",69.8322347005208,3,"TheVentury"
"Tree",70.8227233886719,1,"TheVentury"
"TV",66.0398864746094,2,"TheVentury"
"Urban",99.3609237670898,5,"TheVentury"
"Utility Pole",91.124870300293,1,"TheVentury"
"Vacation",90.1126480102539,1,"TheVentury"
"Vehicle",97.1375503540039,1,"TheVentury"
"Video Gaming",78.1145210266113,2,"TheVentury"
"Water",87.3180313110352,3,"TheVentury"
"Waterfront",83.4716720581055,2,"TheVentury"
"White Board",95.4037628173828,1,"TheVentury"
"Wiring",73.0761032104492,2,"TheVentury"
"Woman",70.5411287943522,3,"TheVentury"
"Worker",57.54443359375,2,"TheVentury"
